UNITID,EFTOTLT,EFTOTLM,EFTOTLW,W/M_Ratio,INSTNM,CITY,STABBR,ZIP,LATITUDE,LONGITUDE,geometry
100654,527,430,97,0.2255813953488372,Alabama A & M University,Normal,AL,35762,34.783368,-86.568502,POINT (-86.568502 34.783368)
100663,496,359,137,0.3816155988857939,University of Alabama at Birmingham,Birmingham,AL,35294-0110,33.505697,-86.799345,POINT (-86.799345 33.505697)
100706,1843,1490,353,0.23691275167785236,University of Alabama in Huntsville,Huntsville,AL,35899,34.724557,-86.640449,POINT (-86.640449 34.724557)
100751,4191,3219,972,0.3019571295433364,The University of Alabama,Tuscaloosa,AL,35487-0100,33.211875,-87.545978,POINT (-87.54597800000001 33.211875)
100858,4760,3934,826,0.2099644128113879,Auburn University,Auburn,AL,36849,32.599378,-85.488258,POINT (-85.488258 32.599378)
100937,55,46,9,0.1956521739130435,Birmingham-Southern College,Birmingham,AL,35254,33.513774,-86.850552,POINT (-86.85055199999999 33.513774)
102049,26,21,5,0.23809523809523808,Samford University,Birmingham,AL,35229-2240,33.464128,-86.791799,POINT (-86.791799 33.464128)
102094,1317,1115,202,0.18116591928251122,University of South Alabama,Mobile,AL,36688-0002,30.696033,-88.178711,POINT (-88.17871100000001 30.696033)
102234,32,24,8,0.3333333333333333,Spring Hill College,Mobile,AL,36608-1791,30.694751,-88.138199,POINT (-88.138199 30.694751)
102377,640,430,210,0.4883720930232558,Tuskegee University,Tuskegee,AL,36088-1920,32.4309,-85.708492,POINT (-85.70849200000001 32.4309)
102553,811,635,176,0.27716535433070866,University of Alaska Anchorage,Anchorage,AK,99508,61.190163,-149.82619,POINT (-149.82619 61.190163)
102614,768,645,123,0.19069767441860466,University of Alaska Fairbanks,Fairbanks,AK,99775,64.85756,-147.823146,POINT (-147.823146 64.85756000000001)
102632,7,7,0,0.0,University of Alaska Southeast,Juneau,AK,99801-8697,58.384846,-134.638255,POINT (-134.638255 58.384846)
104151,6094,4905,1189,0.24240570846075432,Arizona State University Campus Immersion,Tempe,AZ,85287,33.417721,-111.934383,POINT (-111.934383 33.417721)
104179,1473,1105,368,0.3330316742081448,University of Arizona,Tucson,AZ,85721-0066,32.232672,-110.950815,POINT (-110.950815 32.232672)
104586,876,698,178,0.25501432664756446,Embry-Riddle Aeronautical University-Prescott,Prescott,AZ,86301-3720,34.616766,-112.449741,POINT (-112.449741 34.616766)
105330,1646,1341,305,0.22744220730797912,Northern Arizona University,Flagstaff,AZ,86011-4092,35.188449,-111.653724,POINT (-111.653724 35.188449)
106245,250,217,33,0.15207373271889402,University of Arkansas at Little Rock,Little Rock,AR,72204,34.723254,-92.339778,POINT (-92.339778 34.723254)
106397,2724,2139,585,0.27349228611500703,University of Arkansas,Fayetteville,AR,72701,36.070009,-94.176981,POINT (-94.176981 36.070009)
106458,377,345,32,0.0927536231884058,Arkansas State University,Jonesboro,AR,72401,35.842388,-90.679988,POINT (-90.67998799999999 35.842388)
106467,523,481,42,0.08731808731808732,Arkansas Tech University,Russellville,AR,72801-2222,35.293237,-93.13562,POINT (-93.13562 35.293237)
107044,188,162,26,0.16049382716049382,Harding University,Searcy,AR,72149-5615,35.247386,-91.726143,POINT (-91.72614299999999 35.247386)
107071,6,6,0,0.0,Henderson State University,Arkadelphia,AR,71999-0001,34.128155,-93.059703,POINT (-93.059703 34.128155)
107141,133,114,19,0.16666666666666666,John Brown University,Siloam Springs,AR,72761,36.189812,-94.560283,POINT (-94.560283 36.189812)
107512,10,10,0,0.0,Ouachita Baptist University,Arkadelphia,AR,71998-0001,34.126093,-93.052471,POINT (-93.052471 34.126093)
107983,1,1,0,0.0,Southern Arkansas University Main Campus,Magnolia,AR,71753,33.291618,-93.235922,POINT (-93.235922 33.291618)
108092,81,67,14,0.208955223880597,University of Arkansas-Fort Smith,Fort Smith,AR,72913-3649,35.384184,-94.373729,POINT (-94.373729 35.384184)
110097,58,41,17,0.4146341463414634,Biola University,La Mirada,CA,90639-0001,33.906203,-118.014374,POINT (-118.014374 33.906203)
110361,479,403,76,0.18858560794044665,California Baptist University,Riverside,CA,92504-3297,33.929321,-117.425619,POINT (-117.425619 33.929321)
110404,291,187,104,0.5561497326203209,California Institute of Technology,Pasadena,CA,91125,34.137349,-118.125878,POINT (-118.125878 34.137349)
110413,32,15,17,1.1333333333333333,California Lutheran University,Thousand Oaks,CA,91360-2787,34.224566,-118.878924,POINT (-118.878924 34.224566)
110422,5640,4397,1243,0.28269274505344555,California Polytechnic State University-San Luis Obispo,San Luis Obispo,CA,93407,35.299513,-120.657311,POINT (-120.657311 35.299513)
110486,513,414,99,0.2391304347826087,California State University-Bakersfield,Bakersfield,CA,93311-1099,35.350005,-119.104711,POINT (-119.104711 35.350005)
110510,309,276,33,0.11956521739130435,California State University-San Bernardino,San Bernardino,CA,92407-2393,34.182622,-117.323801,POINT (-117.323801 34.182622)
110529,4538,3650,888,0.2432876712328767,California State Polytechnic University-Pomona,Pomona,CA,91768,34.057912,-117.821476,POINT (-117.821476 34.057912)
110538,1227,1099,128,0.1164695177434031,California State University-Chico,Chico,CA,95929-0150,39.729712,-121.844859,POINT (-121.844859 39.729712)
110556,1356,1180,176,0.14915254237288136,California State University-Fresno,Fresno,CA,93740,36.811154,-119.744569,POINT (-119.744569 36.811154)
110565,2120,1847,273,0.14780725500812128,California State University-Fullerton,Fullerton,CA,92831-3599,33.881506,-117.885446,POINT (-117.885446 33.881506)
110574,297,253,44,0.17391304347826086,California State University-East Bay,Hayward,CA,94542,37.657694,-122.054135,POINT (-122.054135 37.657694)
110583,3030,2505,525,0.20958083832335328,California State University-Long Beach,Long Beach,CA,90840-0115,33.782818,-118.11204,POINT (-118.11204 33.782818)
110592,1579,1332,247,0.18543543543543545,California State University-Los Angeles,Los Angeles,CA,90032-8506,34.066927,-118.168965,POINT (-118.168965 34.066927)
110608,2913,2535,378,0.14911242603550295,California State University-Northridge,Northridge,CA,91330,34.240126,-118.529319,POINT (-118.529319 34.240126)
110617,2227,1924,303,0.15748440748440748,California State University-Sacramento,Sacramento,CA,95819-2694,38.559415,-121.423549,POINT (-121.423549 38.559415)
110635,3369,2595,774,0.29826589595375724,University of California-Berkeley,Berkeley,CA,94720,37.871918,-122.260463,POINT (-122.260463 37.871918)
110644,3465,2450,1015,0.4142857142857143,University of California-Davis,Davis,CA,95616-8678,38.539667,-121.749567,POINT (-121.749567 38.539667)
110653,3194,2440,754,0.30901639344262294,University of California-Irvine,Irvine,CA,92697,33.648434,-117.841248,POINT (-117.841248 33.648434)
110662,2677,2034,643,0.316125860373648,University of California-Los Angeles,Los Angeles,CA,90095-1405,34.07178,-118.442179,POINT (-118.442179 34.07178)
110671,1923,1554,369,0.23745173745173745,University of California-Riverside,Riverside,CA,92521,33.97246,-117.32741,POINT (-117.32741 33.97246)
110680,4834,3713,1121,0.3019122003770536,University of California-San Diego,La Jolla,CA,92093,32.877749,-117.235866,POINT (-117.235866 32.877749)
110705,1019,847,172,0.20306965761511217,University of California-Santa Barbara,Santa Barbara,CA,93106,34.416297,-119.846426,POINT (-119.846426 34.416297)
110714,322,254,68,0.2677165354330709,University of California-Santa Cruz,Santa Cruz,CA,95064-1011,36.995584,-122.058801,POINT (-122.058801 36.995584)
111188,194,176,18,0.10227272727272728,California State University Maritime Academy,Vallejo,CA,94590-8181,38.069061,-122.231551,POINT (-122.231551 38.069061)
112260,20,18,2,0.1111111111111111,Claremont McKenna College,Claremont,CA,91711-6400,34.102154,-117.711188,POINT (-117.711188 34.102154)
112394,141,130,11,0.08461538461538462,Cogswell University of Silicon Valley,San Jose,CA,95134,37.414049,-121.94087,POINT (-121.94087 37.414049)
115409,128,79,49,0.620253164556962,Harvey Mudd College,Claremont,CA,91711,34.106515,-117.709837,POINT (-117.709837 34.106515)
115755,305,217,88,0.4055299539170507,Humboldt State University,Arcata,CA,95521-8299,40.877481,-124.078293,POINT (-124.078293 40.877481)
117946,371,264,107,0.4053030303030303,Loyola Marymount University,Los Angeles,CA,90045-2659,33.97085,-118.415744,POINT (-118.415744 33.97085)
119605,225,183,42,0.22950819672131148,National University,La Jolla,CA,92037-1011,32.909894,-117.243026,POINT (-117.243026 32.909894)
120865,21,18,3,0.16666666666666666,Pacific Union College,Angwin,CA,94508-9707,38.570585,-122.440308,POINT (-122.440308 38.570585)
120883,709,547,162,0.2961608775137112,University of the Pacific,Stockton,CA,95211-0197,37.981424,-121.312301,POINT (-121.312301 37.981424)
121309,63,48,15,0.3125,Point Loma Nazarene University,San Diego,CA,92106-2899,32.718391,-117.250265,POINT (-117.250265 32.718391)
122409,3040,2564,476,0.1856474258970359,San Diego State University,San Diego,CA,92182-0001,32.77525,-117.071228,POINT (-117.071228 32.77525)
122436,367,267,100,0.37453183520599254,University of San Diego,San Diego,CA,92110-2492,32.770816,-117.192073,POINT (-117.192073 32.770816)
122597,1062,914,148,0.16192560175054704,San Francisco State University,San Francisco,CA,94132,37.721224,-122.476799,POINT (-122.476799 37.721224)
122755,3885,3301,584,0.176916086034535,San Jose State University,San Jose,CA,95192-0001,37.336569,-121.880621,POINT (-121.880621 37.336569)
122931,947,731,216,0.2954856361149111,Santa Clara University,Santa Clara,CA,95053,37.348362,-121.93784,POINT (-121.93784 37.348362)
123165,3,0,3,inf,Scripps College,Claremont,CA,91711-3905,34.104147,-117.711294,POINT (-117.711294 34.104147)
123554,23,19,4,0.21052631578947367,Saint Mary's College of California,Moraga,CA,94575,37.840731,-122.109031,POINT (-122.109031 37.840731)
123572,105,91,14,0.15384615384615385,Sonoma State University,Rohnert Park,CA,94928-3609,38.340274,-122.677066,POINT (-122.677066 38.340274)
123961,2011,1348,663,0.491839762611276,University of Southern California,Los Angeles,CA,90089,34.021281,-118.284169,POINT (-118.284169 34.021281)
125727,10,5,5,1.0,Westmont College,Santa Barbara,CA,93108-1089,34.450151,-119.662517,POINT (-119.662517 34.450151)
125763,10,9,1,0.1111111111111111,Whittier College,Whittier,CA,90601,33.978773,-118.032299,POINT (-118.032299 33.978773)
126562,1069,898,171,0.19042316258351893,University of Colorado Denver/Anschutz Medical Campus,Denver,CO,80217-3364,39.745149,-104.837722,POINT (-104.837722 39.745149)
126580,640,553,87,0.15732368896925858,University of Colorado Colorado Springs,Colorado Springs,CO,80918,38.892735,-104.800296,POINT (-104.800296 38.892735)
126614,3469,2622,847,0.32303585049580474,University of Colorado Boulder,Boulder,CO,80309-0017,40.008781,-105.270823,POINT (-105.270823 40.008781)
126775,3876,2838,1038,0.3657505285412262,Colorado School of Mines,Golden,CO,80401,39.751443,-105.223364,POINT (-105.223364 39.751443)
126818,2281,1765,516,0.2923512747875354,Colorado State University-Fort Collins,Fort Collins,CO,80523-0100,40.574805,-105.080732,POINT (-105.080732 40.574805)
126827,86,75,11,0.14666666666666667,Colorado Technical University-Colorado Springs,Colorado Springs,CO,80907-3812,38.894265,-104.833928,POINT (-104.833928 38.894265)
127060,283,227,56,0.24669603524229075,University of Denver,Denver,CO,80208,39.678005,-104.963259,POINT (-104.963259 39.678005)
127185,213,171,42,0.24561403508771928,Fort Lewis College,Durango,CO,81301-3999,37.275939,-107.867422,POINT (-107.867422 37.275939)
127741,38,36,2,0.05555555555555555,University of Northern Colorado,Greeley,CO,80639,40.410855,-104.692777,POINT (-104.692777 40.410855)
128106,184,157,27,0.17197452229299362,Colorado State University Pueblo,Pueblo,CO,81001-4901,38.30859,-104.579033,POINT (-104.579033 38.30859)
128328,996,849,147,0.17314487632508835,United States Air Force Academy,USAF Academy,CO,80840-5002,39.010957,-104.891358,POINT (-104.891358 39.010957)
128744,84,73,11,0.1506849315068493,University of Bridgeport,Bridgeport,CT,06604-5620,41.164741,-73.190166,POINT (-73.190166 41.164741)
128771,363,313,50,0.1597444089456869,Central Connecticut State University,New Britain,CT,6050,41.692502,-72.765991,POINT (-72.765991 41.692502)
129020,2362,1795,567,0.3158774373259053,University of Connecticut,Storrs,CT,6269,41.809098,-72.249948,POINT (-72.249948 41.809098)
129242,232,197,35,0.17766497461928935,Fairfield University,Fairfield,CT,06824-5195,41.157673,-73.255903,POINT (-73.255903 41.157673)
129525,582,500,82,0.164,University of Hartford,West Hartford,CT,06117-1599,41.798591,-72.715213,POINT (-72.71521300000001 41.798591)
129941,644,574,70,0.12195121951219512,University of New Haven,West Haven,CT,06516-1916,41.291314,-72.961472,POINT (-72.961472 41.291314)
130226,136,98,38,0.3877551020408163,Quinnipiac University,Hamden,CT,6518,41.418915,-72.894117,POINT (-72.89411699999999 41.418915)
130590,38,28,10,0.35714285714285715,Trinity College,Hartford,CT,06106-3100,41.747451,-72.690882,POINT (-72.690882 41.747451)
130624,431,320,111,0.346875,United States Coast Guard Academy,New London,CT,06320-4195,41.375823,-72.101583,POINT (-72.10158300000001 41.375823)
130794,244,141,103,0.7304964539007093,Yale University,New Haven,CT,6520,41.311158,-72.926688,POINT (-72.926688 41.311158)
130934,57,41,16,0.3902439024390244,Delaware State University,Dover,DE,19901,39.187173,-75.54053,POINT (-75.54053 39.187173)
130943,2838,1956,882,0.450920245398773,University of Delaware,Newark,DE,19716,39.679577,-75.752822,POINT (-75.75282199999999 39.679577)
131283,451,346,105,0.30346820809248554,The Catholic University of America,Washington,DC,20064,38.933651,-76.997909,POINT (-76.99790900000001 38.933651)
131399,71,52,19,0.36538461538461536,University of the District of Columbia,Washington,DC,20008,38.943819,-77.066247,POINT (-77.066247 38.943819)
131469,641,377,264,0.7002652519893899,George Washington University,Washington,DC,20052,38.89923,-77.048363,POINT (-77.04836299999999 38.89923)
131520,696,438,258,0.589041095890411,Howard University,Washington,DC,20059,38.922392,-77.018966,POINT (-77.01896600000001 38.922392)
132602,78,61,17,0.2786885245901639,Bethune-Cookman University,Daytona Beach,FL,32114-3099,29.207195,-81.032946,POINT (-81.032946 29.207195)
132903,5482,4560,922,0.20219298245614034,University of Central Florida,Orlando,FL,32816,28.602159,-81.200889,POINT (-81.200889 28.602159)
133553,1913,1572,341,0.21692111959287533,Embry-Riddle Aeronautical University-Daytona Beach,Daytona Beach,FL,32114-3900,29.189903,-81.048367,POINT (-81.048367 29.189903)
133650,337,245,92,0.37551020408163266,Florida Agricultural and Mechanical University,Tallahassee,FL,32307,30.428504,-84.290226,POINT (-84.290226 30.428504)
133669,1966,1721,245,0.14235909355026147,Florida Atlantic University,Boca Raton,FL,33431-0991,26.372421,-80.102978,POINT (-80.10297799999999 26.372421)
133881,1700,1399,301,0.21515368120085776,Florida Institute of Technology,Melbourne,FL,32901-6975,28.065815,-80.622893,POINT (-80.622893 28.065815)
133951,3178,2560,618,0.24140625,Florida International University,Miami,FL,33199,25.75732,-80.373928,POINT (-80.37392800000001 25.75732)
134097,1967,1512,455,0.30092592592592593,Florida State University,Tallahassee,FL,32306-1037,30.440756,-84.291921,POINT (-84.291921 30.440756)
134130,5337,3996,1341,0.3355855855855856,University of Florida,Gainesville,FL,32611,29.64629,-82.347911,POINT (-82.347911 29.64629)
134945,47,37,10,0.2702702702702703,Jacksonville University,Jacksonville,FL,32211-3394,30.353227,-81.60458,POINT (-81.60458 30.353227)
135726,1204,864,340,0.39351851851851855,University of Miami,Coral Gables,FL,33146,25.72126,-80.278662,POINT (-80.278662 25.72126)
136172,719,620,99,0.1596774193548387,University of North Florida,Jacksonville,FL,32224-7699,30.27194,-81.509144,POINT (-81.50914400000001 30.27194)
136215,25,21,4,0.19047619047619047,Nova Southeastern University,Fort Lauderdale,FL,33314-7796,26.079337,-80.24248,POINT (-80.24248 26.079337)
137351,3940,3218,722,0.22436295835922934,University of South Florida,Tampa,FL,33620-9951,28.061458,-82.413232,POINT (-82.41323199999999 28.061458)
137476,12,9,3,0.3333333333333333,St. Thomas University,Miami Gardens,FL,33054-6459,25.922071,-80.253273,POINT (-80.25327299999999 25.922071)
138309,36,27,9,0.3333333333333333,Rasmussen University-Florida,Ocala,FL,34474-6226,29.140099,-82.197343,POINT (-82.197343 29.140099)
138354,486,442,44,0.09954751131221719,The University of West Florida,Pensacola,FL,32514-5750,30.549076,-87.218511,POINT (-87.21851100000001 30.549076)
139755,9161,6467,2694,0.4165764651306634,Georgia Institute of Technology-Main Campus,Atlanta,GA,30332-0530,33.77242,-84.394832,POINT (-84.39483199999999 33.77242)
139931,1295,1164,131,0.11254295532646048,Georgia Southern University,Statesboro,GA,30460-8126,32.426153,-81.784045,POINT (-81.78404500000001 32.426153)
139959,1215,922,293,0.31778741865509763,University of Georgia,Athens,GA,30602,33.956262,-83.374039,POINT (-83.374039 33.956262)
140234,21,21,0,0.0,LaGrange College,Lagrange,GA,30240-2999,33.038564,-85.043113,POINT (-85.04311300000001 33.038564)
140447,553,432,121,0.2800925925925926,Mercer University,Macon,GA,31207,32.831787,-83.648295,POINT (-83.648295 32.831787)
140553,133,133,0,0.0,Morehouse College,Atlanta,GA,30314,33.745982,-84.414917,POINT (-84.414917 33.745982)
140696,61,47,14,0.2978723404255319,Oglethorpe University,Atlanta,GA,30319-2797,33.875441,-84.333687,POINT (-84.333687 33.875441)
141060,80,0,80,inf,Spelman College,Atlanta,GA,30314-4399,33.745279,-84.411527,POINT (-84.41152700000001 33.745279)
141325,2,0,2,inf,Wesleyan College,Macon,GA,31210-4462,32.876037,-83.715417,POINT (-83.715417 32.876037)
141574,1051,816,235,0.28799019607843135,University of Hawaii at Manoa,Honolulu,HI,96822-2217,21.298598,-157.818979,POINT (-157.818979 21.298598)
142115,1527,1324,203,0.15332326283987915,Boise State University,Boise,ID,83725,43.604284,-116.203301,POINT (-116.203301 43.604284)
142276,1018,957,61,0.06374085684430512,Idaho State University,Pocatello,ID,83209,42.863832,-112.432312,POINT (-112.432312 42.863832)
142285,1130,954,176,0.18448637316561844,University of Idaho,Moscow,ID,83844-2282,46.727406,-117.014167,POINT (-117.014167 46.727406)
142328,5,4,1,0.25,Lewis-Clark State College,Lewiston,ID,83501-2698,46.412199,-117.024875,POINT (-117.024875 46.412199)
142461,70,58,12,0.20689655172413793,Northwest Nazarene University,Nampa,ID,83686-5897,43.562411,-116.565783,POINT (-116.565783 43.562411)
142522,1026,944,82,0.08686440677966102,Brigham Young University-Idaho,Rexburg,ID,83460-1690,43.818408,-111.782431,POINT (-111.782431 43.818408)
143084,29,25,4,0.16,Augustana College,Rock Island,IL,61201-2296,41.502365,-90.55057,POINT (-90.55056999999999 41.502365)
143358,915,782,133,0.170076726342711,Bradley University,Peoria,IL,61625-0001,40.696896,-89.616786,POINT (-89.616786 40.696896)
144892,43,37,6,0.16216216216216217,Eastern Illinois University,Charleston,IL,61920,39.479843,-88.175658,POINT (-88.175658 39.479843)
145600,2068,1720,348,0.20232558139534884,University of Illinois Chicago,Chicago,IL,60607,41.871837,-87.650503,POINT (-87.650503 41.871837)
145619,49,39,10,0.2564102564102564,Benedictine University,Lisle,IL,60532-0900,41.777569,-88.097307,POINT (-88.097307 41.777569)
145637,6998,5710,1288,0.225569176882662,University of Illinois Urbana-Champaign,Champaign,IL,61820-5711,40.104718,-88.229114,POINT (-88.229114 40.104718)
145725,1532,1157,375,0.324114088159032,Illinois Institute of Technology,Chicago,IL,60616,41.8313,-87.627321,POINT (-87.62732099999999 41.8313)
146612,7,6,1,0.16666666666666666,Lewis University,Romeoville,IL,60446-2200,41.605432,-88.079032,POINT (-88.079032 41.605432)
147703,1075,968,107,0.11053719008264463,Northern Illinois University,Dekalb,IL,60115-2828,41.933869,-88.766428,POINT (-88.766428 41.933869)
147767,1483,987,496,0.502532928064843,Northwestern University,Evanston,IL,60208,42.050356,-87.679858,POINT (-87.679858 42.050356)
147828,200,169,31,0.1834319526627219,Olivet Nazarene University,Bourbonnais,IL,60914-2271,41.155237,-87.875165,POINT (-87.875165 41.155237)
148016,4,4,0,0.0,Principia College,Elsah,IL,62028-9799,38.948835,-90.350285,POINT (-90.350285 38.948835)
149222,752,673,79,0.11738484398216939,Southern Illinois University-Carbondale,Carbondale,IL,62901-4512,37.714193,-89.217273,POINT (-89.21727300000001 37.714193)
149231,759,674,85,0.1261127596439169,Southern Illinois University-Edwardsville,Edwardsville,IL,62026-1259,38.793949,-89.997779,POINT (-89.99777899999999 38.793949)
149505,3,3,0,0.0,Trinity Christian College,Palos Heights,IL,60463-0929,41.667687,-87.783973,POINT (-87.783973 41.667687)
149772,153,141,12,0.0851063829787234,Western Illinois University,Macomb,IL,61455,40.468086,-90.686899,POINT (-90.686899 40.468086)
149781,28,25,3,0.12,Wheaton College,Wheaton,IL,60187-5593,41.870176,-88.099643,POINT (-88.099643 41.870176)
150066,8,8,0,0.0,Anderson University,Anderson,IN,46012-3495,40.112768,-85.664315,POINT (-85.664315 40.112768)
150136,16,12,4,0.3333333333333333,Ball State University,Muncie,IN,47306,40.203431,-85.409043,POINT (-85.409043 40.203431)
150145,3,3,0,0.0,Bethel University,Mishawaka,IN,46545-5591,41.678399,-86.194686,POINT (-86.194686 41.678399)
150534,316,284,32,0.11267605633802817,University of Evansville,Evansville,IN,47722,37.971549,-87.531644,POINT (-87.531644 37.971549)
150677,47,36,11,0.3055555555555556,Grace College and Theological Seminary,Winona Lake,IN,46590-1274,41.22595,-85.814228,POINT (-85.814228 41.22595)
151102,422,371,51,0.13746630727762804,Purdue University Fort Wayne,Fort Wayne,IN,46805-1499,41.117278,-85.108962,POINT (-85.10896200000001 41.117278)
151111,1845,1601,244,0.1524047470331043,Indiana University-Purdue University-Indianapolis,Indianapolis,IN,46202-5143,39.772948,-86.172217,POINT (-86.172217 39.772948)
151290,646,496,150,0.3024193548387097,Indiana Institute of Technology,Fort Wayne,IN,46803-1228,41.078365,-85.116479,POINT (-85.116479 41.078365)
151306,334,296,38,0.12837837837837837,University of Southern Indiana,Evansville,IN,47712,37.962374,-87.677214,POINT (-87.67721400000001 37.962374)
151342,33,29,4,0.13793103448275862,Indiana University-South Bend,South Bend,IN,46615-7111,41.665324,-86.221991,POINT (-86.221991 41.665324)
151777,10,7,3,0.42857142857142855,Manchester University,North Manchester,IN,46962,41.010549,-85.762643,POINT (-85.762643 41.010549)
152080,1330,904,426,0.47123893805309736,University of Notre Dame,Notre Dame,IN,46556,41.703058,-86.238959,POINT (-86.23895899999999 41.703058)
152318,1953,1523,430,0.28233749179251477,Rose-Hulman Institute of Technology,Terre Haute,IN,47803-3920,39.483602,-87.326749,POINT (-87.32674900000001 39.483602)
152530,53,44,9,0.20454545454545456,Taylor University,Upland,IN,46989-1001,40.456246,-85.497034,POINT (-85.497034 40.456246)
152567,636,535,101,0.18878504672897195,Trine University,Angola,IN,46703-1764,41.632502,-85.008009,POINT (-85.008009 41.632502)
152600,475,395,80,0.20253164556962025,Valparaiso University,Valparaiso,IN,46383,41.462239,-87.040172,POINT (-87.040172 41.462239)
152637,94,85,9,0.10588235294117647,Vincennes University,Vincennes,IN,47591,38.687766,-87.519939,POINT (-87.51993899999999 38.687766)
153250,165,149,16,0.10738255033557047,Dordt University,Sioux Center,IA,51250-1606,43.082527,-96.166562,POINT (-96.166562 43.082527)
153427,46,40,6,0.15,Hamilton Technical College,Davenport,IA,52807,41.573888,-90.560088,POINT (-90.56008799999999 41.573888)
153603,7688,6533,1155,0.17679473442522578,Iowa State University,Ames,IA,50011-2103,42.026212,-93.648504,POINT (-93.648504 42.026212)
153658,2120,1627,493,0.3030116779348494,University of Iowa,Iowa City,IA,52242-1316,41.661935,-91.536425,POINT (-91.53642499999999 41.661935)
153825,26,25,1,0.04,Loras College,Dubuque,IA,52004-0178,42.503908,-90.679023,POINT (-90.679023 42.503908)
154004,5,5,0,0.0,Morningside College,Sioux City,IA,51106-1751,42.473891,-96.359464,POINT (-96.359464 42.473891)
154095,2,2,0,0.0,University of Northern Iowa,Cedar Falls,IA,50614-0005,42.514923,-92.459703,POINT (-92.459703 42.514923)
154235,108,94,14,0.14893617021276595,Saint Ambrose University,Davenport,IA,52803-2898,41.54065,-90.579854,POINT (-90.579854 41.54065)
154527,71,61,10,0.16393442622950818,Wartburg College,Waverly,IA,50677-0903,42.7277,-92.483387,POINT (-92.48338699999999 42.7277)
154590,13,11,2,0.18181818181818182,William Penn University,Oskaloosa,IA,52577,41.310111,-92.647095,POINT (-92.64709499999999 41.310111)
154712,38,5,33,6.6,Benedictine College,Atchison,KS,66002-1499,39.572646,-95.111473,POINT (-95.111473 39.572646)
155061,28,24,4,0.16666666666666666,Fort Hays State University,Hays,KS,67601-4099,38.872156,-99.342503,POINT (-99.34250299999999 38.872156)
155317,2064,1639,425,0.2593044539353264,University of Kansas,Lawrence,KS,66045,38.958549,-95.247567,POINT (-95.247567 38.958549)
155399,2601,2152,449,0.20864312267657992,Kansas State University,Manhattan,KS,66506,39.188648,-96.581077,POINT (-96.58107699999999 39.188648)
155414,9,9,0,0.0,Kansas Wesleyan University,Salina,KS,67401-6146,38.813795,-97.607973,POINT (-97.607973 38.813795)
155627,12,9,3,0.3333333333333333,Ottawa University-Ottawa,Ottawa,KS,66067-3399,38.603173,-95.264187,POINT (-95.26418700000001 38.603173)
156125,2037,1729,308,0.17813765182186234,Wichita State University,Wichita,KS,67260-0124,37.718882,-97.292361,POINT (-97.292361 37.718882)
156213,9,8,1,0.125,Asbury University,Wilmore,KY,40390-1198,37.862029,-84.662606,POINT (-84.662606 37.862029)
156286,22,18,4,0.2222222222222222,Bellarmine University,Louisville,KY,40205-0671,38.219279,-85.704997,POINT (-85.70499700000001 38.219279)
156541,8,6,2,0.3333333333333333,University of the Cumberlands,Williamsburg,KY,40769,36.737048,-84.161646,POINT (-84.161646 36.737048)
156620,2,2,0,0.0,Eastern Kentucky University,Richmond,KY,40475-3102,37.740845,-84.300796,POINT (-84.30079600000001 37.740845)
157085,2640,2141,499,0.23306865950490424,University of Kentucky,Lexington,KY,40506-0032,38.038911,-84.504747,POINT (-84.50474699999999 38.038911)
157216,14,12,2,0.16666666666666666,Lindsey Wilson College,Columbia,KY,42728-1223,37.101502,-85.299997,POINT (-85.299997 37.101502)
157289,1847,1480,367,0.24797297297297297,University of Louisville,Louisville,KY,40292-0001,38.216862,-85.760412,POINT (-85.760412 38.216862)
157386,28,27,1,0.037037037037037035,Morehead State University,Morehead,KY,40351,38.186768,-83.434021,POINT (-83.434021 38.186768)
157401,111,91,20,0.21978021978021978,Murray State University,Murray,KY,42071-3318,36.612419,-88.323629,POINT (-88.323629 36.612419)
157951,722,663,59,0.0889894419306184,Western Kentucky University,Bowling Green,KY,42101-1000,36.985035,-86.456828,POINT (-86.456828 36.985035)
159391,4936,3874,1062,0.27413526071244193,Louisiana State University and Agricultural & Mechanical College,Baton Rouge,LA,70803-2750,30.414986,-91.178921,POINT (-91.178921 30.414986)
159647,1685,1380,305,0.2210144927536232,Louisiana Tech University,Ruston,LA,71272,32.528297,-92.649963,POINT (-92.649963 32.528297)
159717,706,566,140,0.24734982332155478,McNeese State University,Lake Charles,LA,70605,30.178187,-93.217222,POINT (-93.21722200000001 30.178187)
159939,955,809,146,0.18046971569839307,University of New Orleans,New Orleans,LA,70148,30.027704,-90.067142,POINT (-90.067142 30.027704)
159966,46,39,7,0.1794871794871795,Nicholls State University,Thibodaux,LA,70310,29.794486,-90.801571,POINT (-90.801571 29.794486)
160621,410,323,87,0.2693498452012384,Southern University and A & M College,Baton Rouge,LA,70813,30.524558,-91.190105,POINT (-91.190105 30.524558)
160658,2056,1708,348,0.20374707259953162,University of Louisiana at Lafayette,Lafayette,LA,70503,30.212191,-92.020165,POINT (-92.02016500000001 30.212191)
160755,313,189,124,0.656084656084656,Tulane University of Louisiana,New Orleans,LA,70118-5698,29.940069,-90.122144,POINT (-90.12214400000001 29.940069)
160977,6,1,5,5.0,Bates College,Lewiston,ME,4240,44.105299,-70.203333,POINT (-70.203333 44.105299)
161253,1343,1085,258,0.23778801843317973,University of Maine,Orono,ME,4469,44.899257,-68.669332,POINT (-68.669332 44.899257)
161299,598,575,23,0.04,Maine Maritime Academy,Castine,ME,04420-0001,44.389654,-68.804347,POINT (-68.80434700000001 44.389654)
161554,223,200,23,0.115,University of Southern Maine,Portland,ME,4103,43.662863,-70.274247,POINT (-70.274247 43.662863)
162061,145,129,16,0.12403100775193798,Capitol Technology University,Laurel,MD,20708,39.046673,-76.850231,POINT (-76.85023099999999 39.046673)
162584,184,168,16,0.09523809523809523,Frostburg State University,Frostburg,MD,21532-1099,39.650918,-78.934293,POINT (-78.934293 39.650918)
162928,1416,960,456,0.475,Johns Hopkins University,Baltimore,MD,21218-2688,39.328977,-76.621595,POINT (-76.621595 39.328977)
163046,163,123,40,0.3252032520325203,Loyola University Maryland,Baltimore,MD,21210-2699,39.346358,-76.621872,POINT (-76.621872 39.346358)
163268,1454,1172,282,0.24061433447098976,University of Maryland-Baltimore County,Baltimore,MD,21250,39.256686,-76.711607,POINT (-76.711607 39.256686)
163286,4012,3118,894,0.286722257857601,University of Maryland-College Park,College Park,MD,20742,38.988178,-76.944721,POINT (-76.944721 38.988178)
163338,147,114,33,0.2894736842105263,University of Maryland Eastern Shore,Princess Anne,MD,21853-1299,38.207386,-75.686852,POINT (-75.686852 38.207386)
163453,890,689,201,0.29172714078374457,Morgan State University,Baltimore,MD,21251-0001,39.344161,-76.585565,POINT (-76.585565 39.344161)
164155,1237,1050,187,0.17809523809523808,United States Naval Academy,Annapolis,MD,21402-1300,38.980507,-76.481692,POINT (-76.481692 38.980507)
164988,1536,1084,452,0.41697416974169743,Boston University,Boston,MA,2215,42.351118,-71.107942,POINT (-71.10794199999999 42.351118)
165644,42,39,3,0.07692307692307693,Eastern Nazarene College,Quincy,MA,02170-2999,42.271228,-71.011079,POINT (-71.011079 42.271228)
165866,10,9,1,0.1111111111111111,Framingham State University,Framingham,MA,01701-9101,42.297116,-71.437565,POINT (-71.43756500000001 42.297116)
166027,167,103,64,0.6213592233009708,Harvard University,Cambridge,MA,2138,42.374471,-71.118313,POINT (-71.118313 42.374471)
166513,2304,1982,322,0.16246215943491424,University of Massachusetts-Lowell,Lowell,MA,01854-5104,42.652864,-71.326809,POINT (-71.326809 42.652864)
166629,1871,1565,306,0.19552715654952077,University of Massachusetts-Amherst,Amherst,MA,1003,42.385999,-72.526728,POINT (-72.52672800000001 42.385999)
166638,130,108,22,0.2037037037037037,University of Massachusetts-Boston,Boston,MA,02125-3393,42.312881,-71.036865,POINT (-71.03686500000001 42.312881)
166683,1555,787,768,0.9758576874205845,Massachusetts Institute of Technology,Cambridge,MA,02139-4307,42.359243,-71.093226,POINT (-71.093226 42.359243)
166692,693,640,53,0.0828125,Massachusetts Maritime Academy,Buzzards Bay,MA,02532-1803,41.739072,-70.624084,POINT (-70.624084 41.739072)
166850,229,204,25,0.12254901960784313,Merrimack College,North Andover,MA,1845,42.668344,-71.124216,POINT (-71.124216 42.668344)
167358,2427,1810,617,0.34088397790055247,Northeastern University,Boston,MA,02115-5005,42.339992,-71.088782,POINT (-71.08878199999999 42.339992)
167792,14,7,7,1.0,Bard College at Simon's Rock,Great Barrington,MA,01230-9702,42.208803,-73.379201,POINT (-73.37920099999999 42.208803)
167835,54,0,54,inf,Smith College,Northampton,MA,1063,42.318111,-72.638097,POINT (-72.638097 42.318111)
167987,999,857,142,0.16569428238039674,University of Massachusetts-Dartmouth,North Dartmouth,MA,02747-2300,41.62869,-71.004552,POINT (-71.004552 41.62869)
168005,87,73,14,0.1917808219178082,Suffolk University,Boston,MA,02108-3901,42.357945,-71.060917,POINT (-71.060917 42.357945)
168148,717,473,244,0.5158562367864693,Tufts University,Medford,MA,02155-5555,42.40855,-71.118293,POINT (-71.11829299999999 42.40855)
168227,1502,1264,238,0.18829113924050633,Wentworth Institute of Technology,Boston,MA,2115,42.336632,-71.094983,POINT (-71.094983 42.336632)
168254,633,530,103,0.19433962264150945,Western New England University,Springfield,MA,01119-2684,42.115017,-72.520466,POINT (-72.520466 42.115017)
168421,2876,1966,910,0.46286876907426244,Worcester Polytechnic Institute,Worcester,MA,01609-2280,42.274853,-71.808339,POINT (-71.808339 42.274853)
168740,74,63,11,0.1746031746031746,Andrews University,Berrien Springs,MI,49104,41.963859,-86.355815,POINT (-86.35581500000001 41.963859)
168847,111,96,15,0.15625,Baker College,Owosso,MI,48867,42.984804,-84.172404,POINT (-84.172404 42.984804)
169080,438,361,77,0.21329639889196675,Calvin University,Grand Rapids,MI,49546,42.929916,-85.587548,POINT (-85.587548 42.929916)
169248,249,210,39,0.18571428571428572,Central Michigan University,Mount Pleasant,MI,48859,43.591203,-84.77525,POINT (-84.77525 43.591203)
169716,137,107,30,0.2803738317757009,University of Detroit Mercy,Detroit,MI,48221-3038,42.414222,-83.139158,POINT (-83.13915799999999 42.414222)
169798,53,45,8,0.17777777777777778,Eastern Michigan University,Ypsilanti,MI,48197,42.251675,-83.627443,POINT (-83.627443 42.251675)
169910,168,158,10,0.06329113924050633,Ferris State University,Big Rapids,MI,49307-2251,43.687724,-85.481925,POINT (-85.481925 43.687724)
169983,1430,1188,242,0.2037037037037037,Kettering University,Flint,MI,48504-6214,43.012468,-83.71282,POINT (-83.71281999999999 43.012468)
170082,1164,1026,138,0.13450292397660818,Grand Valley State University,Allendale,MI,49401-9403,42.963001,-85.889826,POINT (-85.889826 42.963001)
170301,146,112,34,0.30357142857142855,Hope College,Holland,MI,49422-9000,42.787298,-86.102089,POINT (-86.10208900000001 42.787298)
170444,34,28,6,0.21428571428571427,Jackson College,Jackson,MI,49201-8399,42.16483,-84.403942,POINT (-84.403942 42.16483)
170532,16,15,1,0.06666666666666667,Kalamazoo College,Kalamazoo,MI,49006-3295,42.290789,-85.601857,POINT (-85.601857 42.290789)
170620,70,64,6,0.09375,Lake Michigan College,Benton Harbor,MI,49022-1899,42.097276,-86.393445,POINT (-86.393445 42.097276)
170639,149,131,18,0.13740458015267176,Lake Superior State University,Sault Ste Marie,MI,49783,46.492849,-84.365573,POINT (-84.365573 46.492849)
170675,844,679,165,0.24300441826215022,Lawrence Technological University,Southfield,MI,48075-1058,42.474072,-83.25003,POINT (-83.25003 42.474072)
170976,5229,3781,1448,0.3829674689235652,University of Michigan-Ann Arbor,Ann Arbor,MI,48109,42.275921,-83.742769,POINT (-83.742769 42.275921)
171100,3989,3230,759,0.234984520123839,Michigan State University,East Lansing,MI,48824-1046,42.73212,-84.476111,POINT (-84.476111 42.73212)
171128,3732,2948,784,0.26594301221166894,Michigan Technological University,Houghton,MI,49931-1295,47.11866,-88.548092,POINT (-88.548092 47.11866)
171137,942,821,121,0.14738124238733252,University of Michigan-Dearborn,Dearborn,MI,48128-1491,42.317287,-83.231417,POINT (-83.23141699999999 42.317287)
171146,274,238,36,0.15126050420168066,University of Michigan-Flint,Flint,MI,48502-1950,43.01875,-83.690276,POINT (-83.690276 43.01875)
171571,1356,1009,347,0.34390485629335976,Oakland University,Rochester Hills,MI,48309-4401,42.674573,-83.216418,POINT (-83.216418 42.674573)
172051,496,457,39,0.08533916849015317,Saginaw Valley State University,University Center,MI,48710,43.51176,-83.964273,POINT (-83.96427300000001 43.51176)
172264,8,7,1,0.14285714285714285,Siena Heights University,Adrian,MI,49221,41.905624,-84.018841,POINT (-84.01884099999999 41.905624)
172644,1333,1036,297,0.28667953667953666,Wayne State University,Detroit,MI,48202,42.358994,-83.068998,POINT (-83.06899799999999 42.358994)
172699,1829,1624,205,0.12623152709359606,Western Michigan University,Kalamazoo,MI,49008-5200,42.282194,-85.613759,POINT (-85.613759 42.282194)
173045,35,30,5,0.16666666666666666,Augsburg University,Minneapolis,MN,55454,44.966307,-93.240436,POINT (-93.240436 44.966307)
173160,73,57,16,0.2807017543859649,Bethel University,Saint Paul,MN,55112,45.057655,-93.161663,POINT (-93.161663 45.057655)
173328,3,2,1,0.5,Concordia University-Saint Paul,Saint Paul,MN,55104-5494,44.949759,-93.154861,POINT (-93.154861 44.949759)
173920,706,626,80,0.12779552715654952,Minnesota State University-Mankato,Mankato,MN,56001,44.146712,-93.99945,POINT (-93.99945 44.146712)
174066,4228,3226,1002,0.3106013639181649,University of Minnesota-Twin Cities,Minneapolis,MN,55455-0213,44.972851,-93.235464,POINT (-93.23546399999999 44.972851)
174075,52,46,6,0.13043478260869565,University of Minnesota-Crookston,Crookston,MN,56716-5001,47.802536,-96.606188,POINT (-96.606188 47.802536)
174233,1214,1063,151,0.14205079962370648,University of Minnesota-Duluth,Duluth,MN,55812,46.817126,-92.084385,POINT (-92.084385 46.817126)
174491,36,29,7,0.2413793103448276,University of Northwestern-St Paul,Saint Paul,MN,55113-1598,45.033703,-93.167822,POINT (-93.167822 45.033703)
174783,572,528,44,0.08333333333333333,Saint Cloud State University,Saint Cloud,MN,56301-4498,45.553227,-94.152657,POINT (-94.152657 45.553227)
174914,533,464,69,0.14870689655172414,University of St Thomas,Saint Paul,MN,55105-1078,44.943439,-93.188986,POINT (-93.188986 44.943439)
175014,23,16,7,0.4375,Rasmussen University-Minnesota,St. Cloud,MN,56301-3713,45.548117,-94.206254,POINT (-94.206254 45.548117)
175272,158,135,23,0.17037037037037037,Winona State University,Winona,MN,55987-5838,44.046159,-91.643723,POINT (-91.64372299999999 44.046159)
175856,484,387,97,0.25064599483204136,Jackson State University,Jackson,MS,39217,32.296105,-90.207405,POINT (-90.20740499999999 32.296105)
176017,1180,930,250,0.26881720430107525,University of Mississippi,University,MS,38677-1848,34.365529,-89.537434,POINT (-89.537434 34.365529)
176053,26,21,5,0.23809523809523808,Mississippi College,Clinton,MS,39058,32.335515,-90.329821,POINT (-90.329821 32.335515)
176080,2963,2385,578,0.24234800838574425,Mississippi State University,Mississippi State,MS,39762,33.454852,-88.790139,POINT (-88.790139 33.454852)
176372,33,28,5,0.17857142857142858,University of Southern Mississippi,Hattiesburg,MS,39406-0001,31.32661,-89.331236,POINT (-89.331236 31.32661)
177065,39,34,5,0.14705882352941177,Columbia College,Columbia,MO,65216,38.957388,-92.326354,POINT (-92.32635399999999 38.957388)
177339,16,14,2,0.14285714285714285,Evangel University,Springfield,MO,65802-2125,37.220956,-93.262614,POINT (-93.262614 37.220956)
178396,2935,2446,489,0.19991823385118562,University of Missouri-Columbia,Columbia,MO,65211,38.94531,-92.328843,POINT (-92.32884300000001 38.94531)
178402,469,407,62,0.15233415233415235,University of Missouri-Kansas City,Kansas City,MO,64110,39.034179,-94.582141,POINT (-94.58214099999999 39.034179)
178411,4587,3718,869,0.23372781065088757,Missouri University of Science and Technology,Rolla,MO,65409,37.953426,-91.775583,POINT (-91.775583 37.953426)
178420,505,431,74,0.1716937354988399,University of Missouri-St Louis,Saint Louis,MO,63121-4400,38.710312,-90.311091,POINT (-90.311091 38.710312)
178721,18,16,2,0.125,Park University,Parkville,MO,64152-3795,39.189256,-94.679041,POINT (-94.679041 39.189256)
179043,48,39,9,0.23076923076923078,Rockhurst University,Kansas City,MO,64110-2561,39.032318,-94.573003,POINT (-94.573003 39.032318)
179159,636,471,165,0.3503184713375796,Saint Louis University,Saint Louis,MO,63103-2097,38.636801,-90.2351,POINT (-90.2351 38.636801)
179557,61,54,7,0.12962962962962962,Southeast Missouri State University,Cape Girardeau,MO,63701,37.311107,-89.531187,POINT (-89.531187 37.311107)
179566,170,151,19,0.12582781456953643,Missouri State University-Springfield,Springfield,MO,65897,37.199258,-93.281281,POINT (-93.28128100000001 37.199258)
179867,1061,725,336,0.463448275862069,Washington University in St Louis,Saint Louis,MO,63130-4899,38.647929,-90.310604,POINT (-90.310604 38.647929)
180106,73,59,14,0.23728813559322035,Carroll College,Helena,MT,59625-0002,46.600771,-112.040285,POINT (-112.040285 46.600771)
180416,1114,942,172,0.18259023354564755,Montana Technological University,Butte,MT,59701-8997,46.012868,-112.559511,POINT (-112.559511 46.012868)
180461,2339,1917,422,0.22013562858633282,Montana State University,Bozeman,MT,59717,45.666726,-111.048812,POINT (-111.048812 45.666726)
180647,5,3,2,0.6666666666666666,Salish Kootenai College,Pablo,MT,59855,47.598592,-114.111635,POINT (-114.111635 47.598592)
181464,2864,2383,481,0.20184641208560639,University of Nebraska-Lincoln,Lincoln,NE,68588-0419,40.817598,-96.700508,POINT (-96.700508 40.817598)
181738,11,9,2,0.2222222222222222,Union College,Lincoln,NE,68506,40.774778,-96.651095,POINT (-96.651095 40.774778)
182005,483,421,62,0.14726840855106887,College of Southern Nevada,Las Vegas,NV,89146-1164,36.158114,-115.233099,POINT (-115.233099 36.158114)
182281,1491,1253,238,0.18994413407821228,University of Nevada-Las Vegas,Las Vegas,NV,89154,36.106047,-115.138462,POINT (-115.138462 36.106047)
182290,2486,2070,416,0.20096618357487922,University of Nevada-Reno,Reno,NV,89557,39.543642,-119.815377,POINT (-119.815377 39.543642)
182564,13,11,2,0.18181818181818182,Western Nevada College,Carson City,NV,89703-7399,39.186158,-119.79036,POINT (-119.79036 39.186158)
182670,178,100,78,0.78,Dartmouth College,Hanover,NH,03755-3529,43.704115,-72.289949,POINT (-72.28994899999999 43.704115)
183044,1390,1135,255,0.22466960352422907,University of New Hampshire-Main Campus,Durham,NH,03824-3547,43.135934,-70.932465,POINT (-70.93246499999999 43.135934)
183239,20,14,6,0.42857142857142855,Saint Anselm College,Manchester,NH,03102-1310,42.986889,-71.503622,POINT (-71.50362199999999 42.986889)
184603,68,60,8,0.13333333333333333,Fairleigh Dickinson University-Metropolitan Campus,Teaneck,NJ,7666,40.897209,-74.028986,POINT (-74.028986 40.897209)
184782,1040,883,157,0.17780294450736125,Rowan University,Glassboro,NJ,8028,39.709108,-75.119119,POINT (-75.119119 39.709108)
185572,72,58,14,0.2413793103448276,Monmouth University,West Long Branch,NJ,07764-1898,40.280066,-74.006447,POINT (-74.00644699999999 40.280066)
185828,2640,2185,455,0.20823798627002288,New Jersey Institute of Technology,Newark,NJ,7102,40.741997,-74.177113,POINT (-74.17711300000001 40.741997)
186131,1006,634,372,0.5867507886435331,Princeton University,Princeton,NJ,08544-0070,40.348732,-74.659365,POINT (-74.65936499999999 40.348732)
186380,2806,2208,598,0.2708333333333333,Rutgers University-New Brunswick,New Brunswick,NJ,08901-1281,40.498769,-74.446251,POINT (-74.446251 40.498769)
186867,1927,1385,542,0.3913357400722022,Stevens Institute of Technology,Hoboken,NJ,07030-5991,40.744776,-74.025334,POINT (-74.025334 40.744776)
187134,486,367,119,0.3242506811989101,The College of New Jersey,Ewing,NJ,08628-7718,40.268651,-74.778791,POINT (-74.778791 40.268651)
187596,37,24,13,0.5416666666666666,Navajo Technical University,Crownpoint,NM,87313-0849,35.687431,-108.149392,POINT (-108.149392 35.687431)
187897,4,4,0,0.0,New Mexico Highlands University,Las Vegas,NM,87701,35.596233,-105.219197,POINT (-105.219197 35.596233)
187967,1141,909,232,0.2552255225522552,New Mexico Institute of Mining and Technology,Socorro,NM,87801,34.067041,-106.905211,POINT (-106.905211 34.067041)
187985,2105,1697,408,0.24042427813789038,University of New Mexico-Main Campus,Albuquerque,NM,87106,35.083868,-106.620155,POINT (-106.620155 35.083868)
188030,1524,1220,304,0.24918032786885247,New Mexico State University-Main Campus,Las Cruces,NM,88003-8001,32.281568,-106.752069,POINT (-106.752069 32.281568)
188058,34,30,4,0.13333333333333333,Northern New Mexico College,Espanola,NM,87532,36.004073,-106.084395,POINT (-106.084395 36.004073)
188340,51,42,9,0.21428571428571427,Vaughn College of Aeronautics and Technology,Flushing,NY,11369,40.768348,-73.881721,POINT (-73.881721 40.768348)
188641,424,343,81,0.23615160349854228,Alfred University,Alfred,NY,14802-1205,42.254476,-77.788106,POINT (-77.788106 42.254476)
189705,15,11,4,0.36363636363636365,Canisius College,Buffalo,NY,14208-1098,42.925206,-78.852577,POINT (-78.852577 42.925206)
190044,1806,1440,366,0.25416666666666665,Clarkson University,Potsdam,NY,13699,44.662716,-74.999359,POINT (-74.999359 44.662716)
190150,719,450,269,0.5977777777777777,Columbia University in the City of New York,New York,NY,10027,40.808286,-73.961885,POINT (-73.961885 40.808286)
190372,451,354,97,0.2740112994350282,Cooper Union for the Advancement of Science and Art,New York,NY,10003-7120,40.728148,-73.991609,POINT (-73.991609 40.728148)
190415,2870,1731,1139,0.6580011554015021,Cornell University,Ithaca,NY,14853,42.4472,-76.483084,POINT (-76.48308400000001 42.4472)
190558,472,420,52,0.12380952380952381,College of Staten Island CUNY,Staten Island,NY,10314,40.601831,-74.14849,POINT (-74.14849 40.601831)
190567,2224,1765,459,0.26005665722379606,CUNY City College,New York,NY,10031,40.819846,-73.948542,POINT (-73.948542 40.819846)
191241,96,63,33,0.5238095238095238,Fordham University,Bronx,NY,10458,40.859354,-73.882705,POINT (-73.882705 40.859354)
191649,419,339,80,0.2359882005899705,Hofstra University,Hempstead,NY,11549,40.715959,-73.60078,POINT (-73.60078 40.715959)
192703,1057,856,201,0.23481308411214954,Manhattan College,Riverdale,NY,10471-4098,40.889756,-73.901893,POINT (-73.901893 40.889756)
193900,1441,1080,361,0.33425925925925926,New York University,New York,NY,10012-1091,40.729452,-73.997264,POINT (-73.997264 40.729452)
194091,573,515,58,0.11262135922330097,New York Institute of Technology,Old Westbury,NY,11568-8000,40.812447,-73.6078,POINT (-73.6078 40.812447)
194310,5,3,2,0.6666666666666666,Pace University,New York,NY,10038-1598,40.711014,-74.004719,POINT (-74.00471899999999 40.711014)
194824,3036,2162,874,0.40425531914893614,Rensselaer Polytechnic Institute,Troy,NY,12180-3590,42.729978,-73.676646,POINT (-73.67664600000001 42.729978)
195003,3266,2607,659,0.25278097429996166,Rochester Institute of Technology,Rochester,NY,14623-5603,43.084188,-77.67386,POINT (-77.67386 43.084188)
195030,1136,773,363,0.46959896507115134,University of Rochester,Rochester,NY,14627-0011,43.126397,-77.631202,POINT (-77.631202 43.126397)
196006,32,28,4,0.14285714285714285,SUNY College of Technology at Alfred,Alfred,NY,14802,42.255262,-77.794632,POINT (-77.79463199999999 42.255262)
196015,21,21,0,0.0,SUNY College of Technology at Canton,Canton,NY,13617-1098,44.604096,-75.182906,POINT (-75.182906 44.604096)
196060,179,157,22,0.14012738853503184,SUNY at Albany,Albany,NY,12222,42.685489,-73.824662,POINT (-73.824662 42.685489)
196079,1105,907,198,0.21830209481808158,Binghamton University,Vestal,NY,13850-6000,42.087868,-75.966889,POINT (-75.96688899999999 42.087868)
196088,3315,2802,513,0.18308351177730192,University at Buffalo,Buffalo,NY,14260-1660,43.000942,-78.789458,POINT (-78.789458 43.000942)
196097,1438,1182,256,0.21658206429780033,Stony Brook University,Stony Brook,NY,11794-0701,40.91476,-73.12046,POINT (-73.12045999999999 40.91476)
196103,217,124,93,0.75,SUNY College of Environmental Science and Forestry,Syracuse,NY,13210,43.034765,-76.138724,POINT (-76.138724 43.034765)
196112,150,134,16,0.11940298507462686,SUNY Polytechnic Institute,Utica,NY,13502,43.137701,-75.229841,POINT (-75.22984099999999 43.137701)
196176,205,178,27,0.15168539325842698,State University of New York at New Paltz,New Paltz,NY,12561-2443,41.740936,-74.082188,POINT (-74.082188 41.740936)
196194,122,113,9,0.07964601769911504,SUNY College at Oswego,Oswego,NY,13126,43.454287,-76.540798,POINT (-76.540798 43.454287)
196291,792,725,67,0.09241379310344827,SUNY Maritime College,Throggs Neck,NY,10465-4198,40.807217,-73.795309,POINT (-73.795309 40.807217)
196413,1336,1016,320,0.31496062992125984,Syracuse University,Syracuse,NY,13244,43.040176,-76.136975,POINT (-76.13697500000001 43.040176)
196592,3,3,0,0.0,Touro College,New York,NY,10018,40.753199,-73.989404,POINT (-73.98940399999999 40.753199)
196866,396,303,93,0.3069306930693069,Union College,Schenectady,NY,12308-2311,42.818097,-73.928788,POINT (-73.928788 42.818097)
197027,634,533,101,0.1894934333958724,United States Merchant Marine Academy,Kings Point,NY,11024-1634,40.81357,-73.763004,POINT (-73.763004 40.81357)
197036,879,784,95,0.1211734693877551,United States Military Academy,West  Point,NY,10996-1905,41.390479,-73.956603,POINT (-73.956603 41.390479)
197221,90,78,12,0.15384615384615385,Webb Institute,Glen Cove,NY,11542-1398,40.884444,-73.644909,POINT (-73.644909 40.884444)
197708,50,39,11,0.28205128205128205,Yeshiva University,New York,NY,10033-3299,40.850605,-73.929873,POINT (-73.929873 40.850605)
198419,1222,844,378,0.44786729857819907,Duke University,Durham,NC,27708,36.001135,-78.937624,POINT (-78.937624 36.001135)
198464,635,528,107,0.20265151515151514,East Carolina University,Greenville,NC,27858-4353,35.607186,-77.368291,POINT (-77.368291 35.607186)
198516,50,36,14,0.3888888888888889,Elon University,Elon,NC,27244-2010,36.104148,-79.50344,POINT (-79.50344 36.104148)
198756,35,29,6,0.20689655172413793,Johnson C Smith University,Charlotte,NC,28216-5398,35.243033,-80.857251,POINT (-80.85725100000001 35.243033)
199102,1215,882,333,0.37755102040816324,North Carolina A & T State University,Greensboro,NC,27411,36.07282,-79.773375,POINT (-79.773375 36.07282)
199111,78,67,11,0.16417910447761194,University of North Carolina at Asheville,Asheville,NC,28804-8510,35.617068,-82.565392,POINT (-82.565392 35.617068)
199139,1983,1786,197,0.1103023516237402,University of North Carolina at Charlotte,Charlotte,NC,28223-0001,35.306022,-80.730919,POINT (-80.730919 35.306022)
199193,6780,4822,1958,0.4060555785980921,North Carolina State University at Raleigh,Raleigh,NC,27695-7001,35.785111,-78.674517,POINT (-78.67451699999999 35.785111)
199582,5,4,1,0.25,Saint Augustine's University,Raleigh,NC,27610-2298,35.785468,-78.621301,POINT (-78.621301 35.785468)
200004,208,187,21,0.11229946524064172,Western Carolina University,Cullowhee,NC,28723-9646,35.308979,-83.186258,POINT (-83.186258 35.308979)
200013,8,5,3,0.6,Rasmussen University-North Dakota,Fargo,ND,58103-7196,46.848362,-96.848937,POINT (-96.84893700000001 46.848362)
200217,18,13,5,0.38461538461538464,University of Mary,Bismarck,ND,58504,46.723767,-100.75274,POINT (-100.75274 46.723767)
200280,1765,1540,225,0.1461038961038961,University of North Dakota,Grand Forks,ND,58202-8193,47.921654,-97.071738,POINT (-97.071738 47.921654)
200332,2092,1864,228,0.1223175965665236,North Dakota State University-Main Campus,Fargo,ND,58108-6050,46.893127,-96.800838,POINT (-96.800838 46.893127)
200466,2,2,0,0.0,Sitting Bull College,Fort Yates,ND,58538-9721,46.085288,-100.674735,POINT (-100.674735 46.085288)
200800,3009,2502,507,0.2026378896882494,University of Akron Main Campus,Akron,OH,44325-4702,41.078551,-81.511679,POINT (-81.511679 41.078551)
201195,42,36,6,0.16666666666666666,Baldwin Wallace University,Berea,OH,44017-2088,41.373017,-81.851145,POINT (-81.851145 41.373017)
201548,5,5,0,0.0,Capital University,Columbus,OH,43209-2394,39.954875,-82.937867,POINT (-82.937867 39.954875)
201645,1118,768,350,0.4557291666666667,Case Western Reserve University,Cleveland,OH,44106,41.507419,-81.609596,POINT (-81.609596 41.507419)
201654,362,325,37,0.11384615384615385,Cedarville University,Cedarville,OH,45314-0601,39.749237,-83.814692,POINT (-83.81469199999999 39.749237)
201690,87,68,19,0.27941176470588236,Central State University,Wilberforce,OH,45384-1004,39.715787,-83.880186,POINT (-83.88018599999999 39.715787)
201885,3389,2845,544,0.19121265377855887,University of Cincinnati-Main Campus,Cincinnati,OH,45221-0063,39.131159,-84.51428,POINT (-84.51428 39.131159)
201946,44,39,5,0.1282051282051282,University of Cincinnati-Clermont College,Batavia,OH,45103,39.080645,-84.19437,POINT (-84.19437000000001 39.080645)
201955,94,84,10,0.11904761904761904,University of Cincinnati-Blue Ash College,Blue Ash,OH,45236-1096,39.234333,-84.399956,POINT (-84.399956 39.234333)
202134,1230,1030,200,0.1941747572815534,Cleveland State University,Cleveland,OH,44115-2214,41.502281,-81.674355,POINT (-81.67435500000001 41.502281)
202480,1882,1462,420,0.2872777017783858,University of Dayton,Dayton,OH,45469,39.739547,-84.176113,POINT (-84.176113 39.739547)
203368,10,8,2,0.25,John Carroll University,University Heights,OH,44118-4538,41.491321,-81.531338,POINT (-81.53133800000001 41.491321)
203465,11,8,3,0.375,Kent State University at Stark,Canton,OH,44720-7599,40.868568,-81.43731,POINT (-81.43731 40.868568)
203474,15,8,7,0.875,Kent State University at Trumbull,Warren,OH,44483,41.278748,-80.836233,POINT (-80.83623299999999 41.278748)
203483,8,8,0,0.0,Kent State University at Tuscarawas,New Philadelphia,OH,44663-9403,40.467736,-81.407707,POINT (-81.407707 40.467736)
203492,5,4,1,0.25,Kent State University at Salem,Salem,OH,44460,40.86408,-80.835458,POINT (-80.835458 40.86408)
203517,212,194,18,0.09278350515463918,Kent State University at Kent,Kent,OH,44242-0001,41.146653,-81.342533,POINT (-81.342533 41.146653)
203526,15,11,4,0.36363636363636365,Kent State University at Geauga,Burton,OH,44021,41.483727,-81.143085,POINT (-81.143085 41.483727)
203845,377,324,53,0.16358024691358025,Marietta College,Marietta,OH,45750,39.41668,-81.450045,POINT (-81.450045 39.41668)
204006,107,91,16,0.17582417582417584,Miami University-Hamilton,Hamilton,OH,45011,39.377448,-84.563385,POINT (-84.563385 39.377448)
204015,48,42,6,0.14285714285714285,Miami University-Middletown,Middletown,OH,45042,39.523776,-84.35724,POINT (-84.35724 39.523776)
204024,1184,933,251,0.2690246516613076,Miami University-Oxford,Oxford,OH,45056,39.507757,-84.732954,POINT (-84.73295400000001 39.507757)
204185,60,50,10,0.2,University of Mount Union,Alliance,OH,44601-3929,40.905256,-81.111029,POINT (-81.111029 40.905256)
204194,19,13,6,0.46153846153846156,Mount Vernon Nazarene University,Mount Vernon,OH,43050-9500,40.372901,-82.471074,POINT (-82.471074 40.372901)
204264,19,16,3,0.1875,Muskingum University,New Concord,OH,43762,39.996585,-81.737127,POINT (-81.737127 39.996585)
204501,7,6,1,0.16666666666666666,Oberlin College,Oberlin,OH,44074,41.291992,-82.216795,POINT (-82.216795 41.291992)
204617,5,4,1,0.25,Ohio Dominican University,Columbus,OH,43219,39.992764,-82.940689,POINT (-82.94068900000001 39.992764)
204635,412,355,57,0.16056338028169015,Ohio Northern University,Ada,OH,45810-1599,40.7662,-83.827441,POINT (-83.82744099999999 40.7662)
204671,40,38,2,0.05263157894736842,Ohio State University-Lima Campus,Lima,OH,45804,40.738521,-84.02384,POINT (-84.02384000000001 40.738521)
204680,31,27,4,0.14814814814814814,Ohio State University-Mansfield Campus,Mansfield,OH,44906,40.796536,-82.580194,POINT (-82.58019400000001 40.796536)
204699,63,58,5,0.08620689655172414,Ohio State University-Marion Campus,Marion,OH,43302-5695,40.577779,-83.090597,POINT (-83.090597 40.577779)
204705,64,59,5,0.0847457627118644,Ohio State University-Newark Campus,Newark,OH,43055,40.069314,-82.447441,POINT (-82.447441 40.069314)
204796,7783,6228,1555,0.24967886962106614,Ohio State University-Main Campus,Columbus,OH,43210,39.999324,-83.014853,POINT (-83.014853 39.999324)
204802,7,5,2,0.4,Ohio University-Eastern Campus,Saint Clairsville,OH,43950,40.073392,-80.976073,POINT (-80.976073 40.073392)
204820,16,15,1,0.06666666666666667,Ohio University-Chillicothe Campus,Chillicothe,OH,45601-0629,39.329404,-83.002175,POINT (-83.00217499999999 39.329404)
204839,10,7,3,0.42857142857142855,Ohio University-Southern Campus,Ironton,OH,45638,38.524781,-82.666876,POINT (-82.666876 38.524781)
204848,44,39,5,0.1282051282051282,Ohio University-Lancaster Campus,Lancaster,OH,43130-1037,39.738752,-82.586069,POINT (-82.58606899999999 39.738752)
204857,1352,1167,185,0.1585261353898886,Ohio University-Main Campus,Athens,OH,45701-2979,39.326798,-82.100985,POINT (-82.10098499999999 39.326798)
204866,13,10,3,0.3,Ohio University-Zanesville Campus,Zanesville,OH,43701,39.96098,-82.031063,POINT (-82.031063 39.96098)
205957,29,24,5,0.20833333333333334,Franciscan University of Steubenville,Steubenville,OH,43952-1763,40.376919,-80.620524,POINT (-80.620524 40.376919)
206084,2379,1998,381,0.1906906906906907,University of Toledo,Toledo,OH,43606-3390,41.660572,-83.614714,POINT (-83.61471400000001 41.660572)
206491,20,13,7,0.5384615384615384,Wilberforce University,Wilberforce,OH,45384-1001,39.707291,-83.880595,POINT (-83.880595 39.707291)
206604,1826,1518,308,0.2028985507246377,Wright State University-Main Campus,Dayton,OH,45435-0001,39.780634,-84.064881,POINT (-84.064881 39.780634)
206613,136,128,8,0.0625,Wright State University-Lake Campus,Celina,OH,45822-2952,40.546074,-84.509194,POINT (-84.50919399999999 40.546074)
206622,12,10,2,0.2,Xavier University,Cincinnati,OH,45207-1092,39.149547,-84.47465,POINT (-84.47465 39.149547)
206695,958,811,147,0.1812577065351418,Youngstown State University,Youngstown,OH,44555-0001,41.104928,-80.64659,POINT (-80.64659 41.104928)
206914,21,20,1,0.05,Cameron University,Lawton,OK,73505-6377,34.606487,-98.434163,POINT (-98.434163 34.606487)
206941,516,426,90,0.2112676056338028,University of Central Oklahoma,Edmond,OK,73034,35.6552,-97.471508,POINT (-97.471508 35.6552)
207324,273,235,38,0.16170212765957448,Oklahoma Christian University,Edmond,OK,73013,35.611412,-97.469526,POINT (-97.469526 35.611412)
207388,2738,2220,518,0.23333333333333334,Oklahoma State University-Main Campus,Stillwater,OK,74078-1015,36.123085,-97.069743,POINT (-97.069743 36.123085)
207500,3567,2838,729,0.2568710359408034,University of Oklahoma-Norman Campus,Norman,OK,73019-3072,35.209407,-97.444211,POINT (-97.444211 35.209407)
207582,126,103,23,0.22330097087378642,Oral Roberts University,Tulsa,OK,74171,36.049129,-95.952547,POINT (-95.952547 36.049129)
207865,49,43,6,0.13953488372093023,Southwestern Oklahoma State University,Weatherford,OK,73096-3001,35.535281,-98.707768,POINT (-98.707768 35.535281)
207971,1106,884,222,0.251131221719457,University of Tulsa,Tulsa,OK,74104-3189,36.152324,-95.945941,POINT (-95.945941 36.152324)
208822,241,205,36,0.17560975609756097,George Fox University,Newberg,OR,97132,45.303629,-122.967494,POINT (-122.967494 45.303629)
209065,10,7,3,0.42857142857142855,Linfield University-McMinnville Campus,McMinnville,OR,97128-6894,45.201173,-123.199642,POINT (-123.199642 45.201173)
209506,738,641,97,0.15132605304212168,Oregon Institute of Technology,Klamath Falls,OR,97601-8801,42.257152,-121.785177,POINT (-121.785177 42.257152)
209542,4955,4075,880,0.21595092024539878,Oregon State University,Corvallis,OR,97331,44.56395,-123.274723,POINT (-123.274723 44.56395)
209551,46,37,9,0.24324324324324326,University of Oregon,Eugene,OR,97403,44.045146,-123.075792,POINT (-123.075792 44.045146)
209807,1506,1272,234,0.18396226415094338,Portland State University,Portland,OR,97201,45.511601,-122.686289,POINT (-122.686289 45.511601)
209825,697,542,155,0.2859778597785978,University of Portland,Portland,OR,97203-5798,45.572724,-122.726691,POINT (-122.726691 45.572724)
210146,24,20,4,0.2,Southern Oregon University,Ashland,OR,97520,42.185077,-122.695081,POINT (-122.695081 42.185077)
210669,8,6,2,0.3333333333333333,Allegheny College,Meadville,PA,16335-3902,41.64869,-80.147168,POINT (-80.14716799999999 41.64869)
211158,80,78,2,0.02564102564102564,Bloomsburg University of Pennsylvania,Bloomsburg,PA,17815,41.00782,-76.447844,POINT (-76.447844 41.00782)
211291,705,479,226,0.4718162839248434,Bucknell University,Lewisburg,PA,17837,40.954317,-76.882616,POINT (-76.882616 40.954317)
211361,62,59,3,0.05084745762711865,California University of Pennsylvania,California,PA,15419-1394,40.064964,-79.88679,POINT (-79.88679 40.064964)
211440,1626,1085,541,0.4986175115207373,Carnegie Mellon University,Pittsburgh,PA,15213-3890,40.44357,-79.941993,POINT (-79.941993 40.44357)
211556,3,0,3,inf,Chatham University,Pittsburgh,PA,15232,40.448432,-79.926083,POINT (-79.92608300000001 40.448432)
212054,4261,3295,966,0.29317147192716236,Drexel University,Philadelphia,PA,19104,39.955217,-75.190051,POINT (-75.190051 39.955217)
212106,24,8,16,2.0,Duquesne University,Pittsburgh,PA,15282,40.43589,-79.993123,POINT (-79.993123 40.43589)
212197,109,94,15,0.1595744680851064,Elizabethtown College,Elizabethtown,PA,17022-2298,40.149236,-76.593224,POINT (-76.59322400000001 40.149236)
212601,266,236,30,0.1271186440677966,Gannon University,Erie,PA,16541-0001,42.128403,-80.087166,POINT (-80.087166 42.128403)
212656,245,209,36,0.1722488038277512,Geneva College,Beaver Falls,PA,15010-3599,40.772518,-80.321826,POINT (-80.321826 40.772518)
212805,334,274,60,0.21897810218978103,Grove City College,Grove City,PA,16127-2104,41.1558,-80.081481,POINT (-80.081481 41.1558)
213251,18,17,1,0.058823529411764705,Juniata College,Huntingdon,PA,16652-2196,40.500523,-78.017292,POINT (-78.017292 40.500523)
213385,711,510,201,0.3941176470588235,Lafayette College,Easton,PA,18042-1768,40.69956,-75.209786,POINT (-75.20978599999999 40.69956)
213543,1219,859,360,0.4190919674039581,Lehigh University,Bethlehem,PA,18015,40.606822,-75.380236,POINT (-75.380236 40.606822)
213598,1,1,0,0.0,Lincoln University,Lincoln University,PA,19352-0999,39.807723,-75.926458,POINT (-75.926458 39.807723)
213996,255,198,57,0.2878787878787879,Messiah University,Mechanicsburg,PA,17055,40.156579,-76.988269,POINT (-76.988269 40.156579)
214591,1333,1177,156,0.13254035683942225,Pennsylvania State University-Penn State Erie-Behrend College,Erie,PA,16563-0001,42.119433,-79.983773,POINT (-79.983773 42.119433)
214625,129,114,15,0.13157894736842105,Pennsylvania State University-Penn State New Kensington,New Kensington,PA,15068-1765,40.551159,-79.697232,POINT (-79.697232 40.551159)
214634,7,6,1,0.16666666666666666,Pennsylvania State University-Penn State Shenango,Sharon,PA,16146-1537,41.235053,-80.508764,POINT (-80.508764 41.235053)
214643,127,113,14,0.12389380530973451,Pennsylvania State University-Penn State Wilkes-Barre,Lehman,PA,18627-0217,41.306003,-76.016599,POINT (-76.016599 41.306003)
214652,61,54,7,0.12962962962962962,Pennsylvania State University-Penn State Scranton,Dunmore,PA,18512-1602,41.440258,-75.620583,POINT (-75.620583 41.440258)
214670,97,89,8,0.0898876404494382,Pennsylvania State University-Penn State Lehigh Valley,Center Valley,PA,18034-8447,40.559208,-75.402507,POINT (-75.402507 40.559208)
214689,541,496,45,0.0907258064516129,Pennsylvania State University-Penn State Altoona,Altoona,PA,16601-3777,40.54092,-78.408247,POINT (-78.408247 40.54092)
214698,80,72,8,0.1111111111111111,Pennsylvania State University-Penn State Beaver,Monaca,PA,15061-2764,40.678254,-80.296235,POINT (-80.296235 40.678254)
214704,426,385,41,0.10649350649350649,Pennsylvania State University-Penn State Berks,Reading,PA,19610-1016,40.357987,-75.972141,POINT (-75.97214099999999 40.357987)
214713,1005,902,103,0.11419068736141907,Pennsylvania State University-Penn State Harrisburg,Middletown,PA,17057-4846,40.203766,-76.7423,POINT (-76.7423 40.203766)
214731,126,119,7,0.058823529411764705,Pennsylvania State University-Penn State Brandywine,Media,PA,19063-5522,39.926381,-75.446983,POINT (-75.446983 39.926381)
214740,53,45,8,0.17777777777777778,Pennsylvania State University-Penn State DuBois,DuBois,PA,15801-2549,41.126941,-78.751784,POINT (-78.751784 41.126941)
214759,62,53,9,0.16981132075471697,Pennsylvania State University-Penn State Fayette- Eberly,Lemont Furnace,PA,15456-1025,39.947217,-79.657769,POINT (-79.657769 39.947217)
214768,124,112,12,0.10714285714285714,Pennsylvania State University-Penn State Hazleton,Hazleton,PA,18202-8025,40.983958,-76.031061,POINT (-76.03106099999999 40.983958)
214777,8054,6526,1528,0.23414036163040147,Pennsylvania State University-Main Campus,University Park,PA,16802-1503,40.7965,-77.862848,POINT (-77.862848 40.7965)
214786,70,57,13,0.22807017543859648,Pennsylvania State University-Penn State Greater Allegheny,McKeesport,PA,15132-7644,40.345582,-79.827447,POINT (-79.82744700000001 40.345582)
214795,53,45,8,0.17777777777777778,Pennsylvania State University-Penn State Mont Alto,Mont Alto,PA,17237-9700,39.842047,-77.542355,POINT (-77.542355 39.842047)
214801,272,225,47,0.2088888888888889,Pennsylvania State University-Penn State Abington,Abington,PA,19001-3918,40.11683,-75.109083,POINT (-75.109083 40.11683)
214810,28,26,2,0.07692307692307693,Pennsylvania State University-Penn State Schuylkill,Schuylkill Haven,PA,17972-2202,40.640499,-76.166326,POINT (-76.166326 40.640499)
214829,176,161,15,0.09316770186335403,Pennsylvania State University-Penn State York,York,PA,17403-3326,39.952327,-76.702835,POINT (-76.70283499999999 39.952327)
215062,1226,816,410,0.5024509803921569,University of Pennsylvania,Philadelphia,PA,19104-6303,39.950929,-75.19391,POINT (-75.19391 39.950929)
215266,88,74,14,0.1891891891891892,University of Pittsburgh-Bradford,Bradford,PA,16701,41.943415,-78.673701,POINT (-78.67370099999999 41.943415)
215293,2798,2053,745,0.3628835849975645,University of Pittsburgh-Pittsburgh Campus,Pittsburgh,PA,15260,40.444388,-79.953254,POINT (-79.953254 40.444388)
215655,637,569,68,0.1195079086115993,Robert Morris University,Moon Township,PA,15108-1189,40.520415,-80.210468,POINT (-80.21046800000001 40.520415)
215743,54,47,7,0.14893617021276595,Saint Francis University,Loretto,PA,15940,40.506734,-78.63904,POINT (-78.63903999999999 40.506734)
215798,64,49,15,0.30612244897959184,Saint Vincent College,Latrobe,PA,15650-2690,40.29265,-79.403762,POINT (-79.403762 40.29265)
215929,43,42,1,0.023809523809523808,University of Scranton,Scranton,PA,18510-4699,41.406556,-75.656915,POINT (-75.656915 41.406556)
216010,101,97,4,0.041237113402061855,Shippensburg University of Pennsylvania,Shippensburg,PA,17257-2299,40.057933,-77.522335,POINT (-77.522335 40.057933)
216287,45,33,12,0.36363636363636365,Swarthmore College,Swarthmore,PA,19081,39.905159,-75.354278,POINT (-75.35427799999999 39.905159)
216339,1418,1196,222,0.18561872909698995,Temple University,Philadelphia,PA,19122-6096,39.980546,-75.156859,POINT (-75.156859 39.980546)
216597,1056,761,295,0.3876478318002628,Villanova University,Villanova,PA,19085-1699,40.039388,-75.345457,POINT (-75.345457 40.039388)
216852,492,391,101,0.25831202046035806,Widener University,Chester,PA,19013-5792,39.861689,-75.355363,POINT (-75.355363 39.861689)
216931,390,344,46,0.13372093023255813,Wilkes University,Wilkes-Barre,PA,18766,41.244199,-75.890262,POINT (-75.89026200000001 41.244199)
217059,294,275,19,0.06909090909090909,York College of Pennsylvania,York,PA,17403-3651,39.94614,-76.727984,POINT (-76.72798400000001 39.94614)
217156,215,134,81,0.6044776119402985,Brown University,Providence,RI,2912,41.82617,-71.40385,POINT (-71.40385000000001 41.82617)
217235,47,39,8,0.20512820512820512,Johnson & Wales University-Providence,Providence,RI,02903-3703,41.819956,-71.41277,POINT (-71.41276999999999 41.819956)
217402,8,6,2,0.3333333333333333,Providence College,Providence,RI,02918-0001,41.842742,-71.437446,POINT (-71.43744599999999 41.842742)
217484,1326,1094,232,0.21206581352833637,University of Rhode Island,Kingston,RI,2881,41.484691,-71.527356,POINT (-71.527356 41.484691)
217518,325,271,54,0.1992619926199262,Roger Williams University,Bristol,RI,02809-2921,41.650214,-71.260374,POINT (-71.260374 41.650214)
217633,24,22,2,0.09090909090909091,Anderson University,Anderson,SC,29621-4035,34.5152,-82.640358,POINT (-82.64035800000001 34.5152)
217721,127,101,26,0.25742574257425743,Benedict College,Columbia,SC,29204-1086,34.012941,-81.020403,POINT (-81.020403 34.012941)
217749,84,79,5,0.06329113924050633,Bob Jones University,Greenville,SC,29614-0001,34.874016,-82.365838,POINT (-82.365838 34.874016)
217864,562,536,26,0.048507462686567165,Citadel Military College of South Carolina,Charleston,SC,29409,32.797183,-79.958775,POINT (-79.958775 32.797183)
217873,43,38,5,0.13157894736842105,Claflin University,Orangeburg,SC,29115-4498,33.498444,-80.854319,POINT (-80.854319 33.498444)
217882,2725,2091,634,0.3032042085126734,Clemson University,Clemson,SC,29634,34.679381,-82.835114,POINT (-82.835114 34.679381)
218061,20,16,4,0.25,Francis Marion University,Florence,SC,29506,34.189777,-79.652854,POINT (-79.652854 34.189777)
218070,5,3,2,0.6666666666666666,Furman University,Greenville,SC,29613-6162,34.924676,-82.440458,POINT (-82.44045800000001 34.924676)
218663,2023,1614,409,0.2534076827757125,University of South Carolina-Columbia,Columbia,SC,29208,33.996788,-81.026935,POINT (-81.02693499999999 33.996788)
218733,49,38,11,0.2894736842105263,South Carolina State University,Orangeburg,SC,29117-0001,33.497968,-80.848722,POINT (-80.848722 33.497968)
219000,30,27,3,0.1111111111111111,Augustana University,Sioux Falls,SD,57197-0001,43.525148,-96.736975,POINT (-96.736975 43.525148)
219347,1837,1534,303,0.19752281616688397,South Dakota School of Mines and Technology,Rapid City,SD,57701-3995,44.075439,-103.205753,POINT (-103.205753 44.075439)
219356,905,798,107,0.13408521303258145,South Dakota State University,Brookings,SD,57007-1898,44.317485,-96.782139,POINT (-96.782139 44.317485)
219833,253,186,67,0.3602150537634409,Christian Brothers University,Memphis,TN,38104,35.127437,-89.983241,POINT (-89.98324100000001 35.127437)
219976,163,137,26,0.1897810218978102,Lipscomb University,Nashville,TN,37204-3951,36.106253,-86.799791,POINT (-86.799791 36.106253)
220215,9,8,1,0.125,Freed-Hardeman University,Henderson,TN,38340-2399,35.440611,-88.637964,POINT (-88.637964 35.440611)
220862,468,393,75,0.19083969465648856,University of Memphis,Memphis,TN,38152,35.118878,-89.938068,POINT (-89.938068 35.118878)
220978,102,95,7,0.07368421052631578,Middle Tennessee State University,Murfreesboro,TN,37132,35.848005,-86.360618,POINT (-86.360618 35.848005)
221661,25,20,5,0.25,Southern Adventist University,Collegedale,TN,37315-0370,35.048254,-85.052088,POINT (-85.052088 35.048254)
221740,803,689,114,0.16545718432510886,The University of Tennessee-Chattanooga,Chattanooga,TN,37403-2598,35.047519,-85.300247,POINT (-85.300247 35.047519)
221759,2530,2079,451,0.21693121693121692,The University of Tennessee-Knoxville,Knoxville,TN,37996,35.952082,-83.925852,POINT (-83.92585200000001 35.952082)
221768,214,189,25,0.13227513227513227,The University of Tennessee-Martin,Martin,TN,38238,36.340338,-88.864211,POINT (-88.864211 36.340338)
221838,678,613,65,0.10603588907014681,Tennessee State University,Nashville,TN,37209-1561,36.166321,-86.828275,POINT (-86.828275 36.166321)
221847,2250,1952,298,0.1526639344262295,Tennessee Technological University,Cookeville,TN,38505-0001,36.174754,-85.504039,POINT (-85.50403900000001 36.174754)
221892,8,7,1,0.14285714285714285,Trevecca Nazarene University,Nashville,TN,37210,36.141324,-86.754238,POINT (-86.754238 36.141324)
221971,62,53,9,0.16981132075471697,Union University,Jackson,TN,38305-3697,35.676896,-88.858524,POINT (-88.858524 35.676896)
221999,1197,776,421,0.5425257731958762,Vanderbilt University,Nashville,TN,37240,36.14659,-86.803369,POINT (-86.803369 36.14659)
222178,103,84,19,0.2261904761904762,Abilene Christian University,Abilene,TX,79699,32.468943,-99.709797,POINT (-99.70979699999999 32.468943)
223232,825,623,202,0.32423756019261635,Baylor University,Waco,TX,76798,31.546872,-97.121041,POINT (-97.12104100000001 31.546872)
224147,418,372,46,0.12365591397849462,Texas A & M University-Corpus Christi,Corpus Christi,TX,78412-5503,27.713723,-97.32395,POINT (-97.32395 27.713723)
224545,56,51,5,0.09803921568627451,Texas A&M University-Texarkana,Texarkana,TX,75503,33.490482,-94.103617,POINT (-94.103617 33.490482)
224554,187,155,32,0.2064516129032258,Texas A & M University-Commerce,Commerce,TX,75428-3011,33.243745,-95.908451,POINT (-95.908451 33.243745)
225414,111,95,16,0.16842105263157894,University of Houston-Clear Lake,Houston,TX,77058-1002,29.582523,-95.098129,POINT (-95.098129 29.582523)
225511,3264,2461,803,0.32629012596505486,University of Houston,Houston,TX,77204-2018,29.720393,-95.343537,POINT (-95.343537 29.720393)
225548,14,12,2,0.16666666666666666,Howard Payne University,Brownwood,TX,76801-2794,31.716467,-98.985204,POINT (-98.985204 31.716467)
226091,1351,1103,248,0.22484134179510426,Lamar University,Beaumont,TX,77705,30.042738,-94.072244,POINT (-94.072244 30.042738)
226152,335,293,42,0.14334470989761092,Texas A & M International University,Laredo,TX,78041-1900,27.571172,-99.436043,POINT (-99.436043 27.571172)
226231,506,410,96,0.23414634146341465,LeTourneau University,Longview,TX,75602,32.46632,-94.726394,POINT (-94.726394 32.46632)
226383,28,23,5,0.21739130434782608,Lubbock Christian University,Lubbock,TX,79407-2099,33.575973,-101.934426,POINT (-101.934426 33.575973)
226471,22,17,5,0.29411764705882354,University of Mary Hardin-Baylor,Belton,TX,76513-2599,31.066793,-97.463471,POINT (-97.463471 31.066793)
226833,273,233,40,0.17167381974248927,Midwestern State University,Wichita Falls,TX,76308-2099,33.874809,-98.519386,POINT (-98.519386 33.874809)
227216,1904,1616,288,0.1782178217821782,University of North Texas,Denton,TX,76203-1277,33.211178,-97.148422,POINT (-97.148422 33.211178)
227368,1652,1414,238,0.16831683168316833,The University of Texas Rio Grande Valley,Edinburg,TX,78539-2999,26.306759,-98.173567,POINT (-98.17356700000001 26.306759)
227377,414,364,50,0.13736263736263737,Texas Southmost College,Brownsville,TX,78520,25.899628,-97.492241,POINT (-97.49224100000001 25.899628)
227526,1126,868,258,0.29723502304147464,Prairie View A & M University,Prairie View,TX,77446,30.092425,-95.989475,POINT (-95.989475 30.092425)
227757,1096,721,375,0.5201109570041609,Rice University,Houston,TX,77005-1827,29.717897,-95.402035,POINT (-95.402035 29.717897)
228042,10,5,5,1.0,Schreiner University,Kerrville,TX,78028-5697,30.031458,-99.130586,POINT (-99.13058599999999 30.031458)
228149,221,174,47,0.27011494252873564,St. Mary's University,San Antonio,TX,78228,29.453244,-98.562778,POINT (-98.56277799999999 29.453244)
228246,927,599,328,0.5475792988313857,Southern Methodist University,Dallas,TX,75275-0221,32.843612,-96.783365,POINT (-96.783365 32.843612)
228459,811,683,128,0.18740849194729137,Texas State University,San Marcos,TX,78666,29.888885,-97.943029,POINT (-97.943029 29.888885)
228529,198,167,31,0.18562874251497005,Tarleton State University,Stephenville,TX,76401-0000,32.214988,-98.214866,POINT (-98.214866 32.214988)
228705,1104,907,197,0.21719955898566704,Texas A & M University-Kingsville,Kingsville,TX,78363,27.525168,-97.882387,POINT (-97.88238699999999 27.525168)
228723,9619,7512,2107,0.28048455804046857,Texas A & M University-College Station,College Station,TX,77843-1248,30.618726,-96.336475,POINT (-96.33647499999999 30.618726)
228769,2795,2366,429,0.1813186813186813,The University of Texas at Arlington,Arlington,TX,76013,32.729718,-97.11296,POINT (-97.11296 32.729718)
228778,5624,4214,1410,0.33459895586141436,The University of Texas at Austin,Austin,TX,78705,30.282825,-97.738273,POINT (-97.73827300000001 30.282825)
228787,2155,1741,414,0.23779437105112006,The University of Texas at Dallas,Richardson,TX,75080-3021,32.984673,-96.749702,POINT (-96.749702 32.984673)
228796,2620,2083,537,0.25780124819971195,The University of Texas at El Paso,El Paso,TX,79968-0691,31.77015,-106.504098,POINT (-106.504098 31.77015)
228802,549,468,81,0.17307692307692307,The University of Texas at Tyler,Tyler,TX,75799-6699,32.315772,-95.254337,POINT (-95.25433700000001 32.315772)
228875,235,178,57,0.3202247191011236,Texas Christian University,Fort Worth,TX,76129,32.70961,-97.364758,POINT (-97.36475799999999 32.70961)
228981,24,22,2,0.09090909090909091,Texas Lutheran University,Seguin,TX,78155-5999,29.573261,-97.982669,POINT (-97.982669 29.573261)
229018,472,383,89,0.23237597911227154,The University of Texas Permian Basin,Odessa,TX,79762-0001,31.889509,-102.329634,POINT (-102.329634 31.889509)
229027,2553,2154,399,0.18523676880222842,The University of Texas at San Antonio,San Antonio,TX,78249-1644,29.583709,-98.620657,POINT (-98.62065699999999 29.583709)
229115,4621,3870,751,0.19405684754521965,Texas Tech University,Lubbock,TX,79409-5005,33.583448,-101.874783,POINT (-101.874783 33.583448)
229267,56,39,17,0.4358974358974359,Trinity University,San Antonio,TX,78212-7200,29.462682,-98.48186,POINT (-98.48186 29.462682)
229814,444,395,49,0.1240506329113924,West Texas A & M University,Canyon,TX,79016-0001,34.982789,-101.914736,POINT (-101.914736 34.982789)
230038,2599,2239,360,0.160786065207682,Brigham Young University,Provo,UT,84602,40.250851,-111.649281,POINT (-111.649281 40.250851)
230171,80,71,9,0.1267605633802817,Dixie State University,Saint George,UT,84770-3876,37.102769,-113.565903,POINT (-113.565903 37.102769)
230597,13,11,2,0.18181818181818182,Snow College,Ephraim,UT,84627,39.360177,-111.58296,POINT (-111.58296 39.360177)
230603,98,85,13,0.15294117647058825,Southern Utah University,Cedar City,UT,84720,37.674617,-113.070146,POINT (-113.070146 37.674617)
230728,1814,1601,213,0.1330418488444722,Utah State University,Logan,UT,84322-1400,41.740748,-111.81391,POINT (-111.81391 41.740748)
230737,652,613,39,0.0636215334420881,Utah Valley University,Orem,UT,84058-5999,40.281078,-111.716456,POINT (-111.716456 40.281078)
230764,2774,2282,492,0.21560035056967572,University of Utah,Salt Lake City,UT,84112-9008,40.762484,-111.846044,POINT (-111.846044 40.762484)
230782,329,293,36,0.12286689419795221,Weber State University,Ogden,UT,84408-1031,41.192591,-111.944845,POINT (-111.944845 41.192591)
230995,279,249,30,0.12048192771084337,Norwich University,Northfield,VT,05663-1035,44.140237,-72.659783,POINT (-72.659783 44.140237)
231059,32,24,8,0.3333333333333333,Saint Michael's College,Colchester,VT,5439,44.494558,-73.167069,POINT (-73.167069 44.494558)
231174,891,722,169,0.23407202216066483,University of Vermont,Burlington,VT,05405-0160,44.477325,-73.196646,POINT (-73.196646 44.477325)
231712,91,78,13,0.16666666666666666,Christopher Newport University,Newport News,VA,23606-3072,37.062495,-76.494364,POINT (-76.494364 37.062495)
232186,1229,966,263,0.2722567287784679,George Mason University,Fairfax,VA,22030-4444,38.829976,-77.307428,POINT (-77.307428 38.829976)
232265,86,61,25,0.4098360655737705,Hampton University,Hampton,VA,23668-0099,37.019944,-76.339161,POINT (-76.339161 37.019944)
232423,433,352,81,0.23011363636363635,James Madison University,Harrisonburg,VA,22807,38.436311,-78.870484,POINT (-78.870484 38.436311)
232557,359,328,31,0.09451219512195122,Liberty University,Lynchburg,VA,24515,37.350232,-79.18222,POINT (-79.18222 37.350232)
232937,137,116,21,0.1810344827586207,Norfolk State University,Norfolk,VA,23504-8000,36.848429,-76.261375,POINT (-76.261375 36.848429)
232982,813,695,118,0.1697841726618705,Old Dominion University,Norfolk,VA,23529,36.886418,-76.30666,POINT (-76.30665999999999 36.886418)
233295,16,13,3,0.23076923076923078,Randolph-Macon College,Ashland,VA,23005-5505,37.76043,-77.478416,POINT (-77.478416 37.76043)
233301,5,3,2,0.6666666666666666,Randolph College,Lynchburg,VA,24503-1555,37.437315,-79.171887,POINT (-79.171887 37.437315)
233718,25,0,25,inf,Sweet Briar College,Sweet Briar,VA,24595-9998,37.556725,-79.081014,POINT (-79.081014 37.556725)
233897,21,19,2,0.10526315789473684,The University of Virginia's College at Wise,Wise,VA,24293-4400,36.970602,-82.559656,POINT (-82.559656 36.970602)
233921,4694,3789,905,0.2388493006070203,Virginia Polytechnic Institute and State University,Blacksburg,VA,24061-0131,37.229012,-80.423675,POINT (-80.423675 37.229012)
234030,1252,923,329,0.3564463705308776,Virginia Commonwealth University,Richmond,VA,23284-2512,37.54962,-77.452697,POINT (-77.452697 37.54962)
234076,2327,1580,747,0.4727848101265823,University of Virginia-Main Campus,Charlottesville,VA,22903-2628,38.035665,-78.503428,POINT (-78.503428 38.035665)
234085,473,446,27,0.06053811659192825,Virginia Military Institute,Lexington,VA,24450-0304,37.7896,-79.437067,POINT (-79.437067 37.7896)
234155,180,136,44,0.3235294117647059,Virginia State University,Petersburg,VA,23806,37.234692,-77.419026,POINT (-77.419026 37.234692)
234207,33,25,8,0.32,Washington and Lee University,Lexington,VA,24450-2116,37.788939,-79.443018,POINT (-79.443018 37.788939)
235097,345,319,26,0.08150470219435736,Eastern Washington University,Cheney,WA,99004-2496,47.490667,-117.583808,POINT (-117.583808 47.490667)
235316,812,611,201,0.32896890343698854,Gonzaga University,Spokane,WA,99258-0001,47.666531,-117.400625,POINT (-117.400625 47.666531)
236188,1,1,0,0.0,Olympic College,Bremerton,WA,98337-1699,47.574769,-122.635113,POINT (-122.635113 47.574769)
236230,9,8,1,0.125,Pacific Lutheran University,Tacoma,WA,98447-0003,47.14516,-122.440421,POINT (-122.440421 47.14516)
236452,215,169,46,0.27218934911242604,Saint Martin's University,Lacey,WA,98503-7500,47.041068,-122.816354,POINT (-122.816354 47.041068)
236577,58,49,9,0.1836734693877551,Seattle Pacific University,Seattle,WA,98119-1997,47.650214,-122.361667,POINT (-122.361667 47.650214)
236595,374,281,93,0.3309608540925267,Seattle University,Seattle,WA,98122-4340,47.608859,-122.318851,POINT (-122.318851 47.608859)
236896,266,227,39,0.17180616740088106,Walla Walla University,College Place,WA,99324-1198,46.048088,-118.389555,POINT (-118.389555 46.048088)
236939,1236,1045,191,0.18277511961722487,Washington State University,Pullman,WA,99164-5910,46.730448,-117.158168,POINT (-117.158168 46.730448)
236948,4363,3252,1111,0.34163591635916357,University of Washington-Seattle Campus,Seattle,WA,98195-4550,47.65538,-122.30514,POINT (-122.30514 47.65538)
237011,248,210,38,0.18095238095238095,Western Washington University,Bellingham,WA,98225-9008,48.737812,-122.485734,POINT (-122.485734 48.737812)
237057,7,7,0,0.0,Whitman College,Walla Walla,WA,99362,46.069815,-118.331546,POINT (-118.331546 46.069815)
237525,241,212,29,0.13679245283018868,Marshall University,Huntington,WV,25755,38.422482,-82.428964,POINT (-82.42896399999999 38.422482)
237701,57,53,4,0.07547169811320754,Potomac State College of West Virginia University,Keyser,WV,26726,39.438323,-78.981441,POINT (-78.981441 39.438323)
237792,43,33,10,0.30303030303030304,Shepherd University,Shepherdstown,WV,25443,39.433071,-77.804101,POINT (-77.804101 39.433071)
237950,272,246,26,0.10569105691056911,West Virginia University Institute of Technology,Beckley,WV,25801,37.775924,-81.184072,POINT (-81.184072 37.775924)
238032,2950,2491,459,0.18426334805299077,West Virginia University,Morgantown,WV,26506,39.634371,-79.954391,POINT (-79.954391 39.634371)
238078,33,29,4,0.13793103448275862,Wheeling University,Wheeling,WV,26003,40.070873,-80.690804,POINT (-80.690804 40.070873)
238333,1,1,0,0.0,Beloit College,Beloit,WI,53511-5595,42.504022,-89.029285,POINT (-89.029285 42.504022)
238458,16,14,2,0.14285714285714285,Carroll University,Waukesha,WI,53186,43.004527,-88.228114,POINT (-88.22811400000001 43.004527)
239105,1221,977,244,0.24974411463664278,Marquette University,Milwaukee,WI,53233,43.03903,-87.927961,POINT (-87.927961 43.03903)
239318,2069,1706,363,0.21277842907385697,Milwaukee School of Engineering,Milwaukee,WI,53202-3109,43.045364,-87.907691,POINT (-87.907691 43.045364)
239512,1,0,1,inf,Northland College,Ashland,WI,54806-3999,46.579087,-90.87476,POINT (-90.87475999999999 46.579087)
240417,484,441,43,0.09750566893424037,University of Wisconsin-Stout,Menomonie,WI,54751,44.873187,-91.926653,POINT (-91.926653 44.873187)
240444,4700,3677,1023,0.27821593690508567,University of Wisconsin-Madison,Madison,WI,53706-1380,43.075409,-89.404098,POINT (-89.404098 43.075409)
240453,1370,1233,137,0.1111111111111111,University of Wisconsin-Milwaukee,Milwaukee,WI,53211,43.076848,-87.880488,POINT (-87.880488 43.076848)
240462,1162,1026,136,0.13255360623781676,University of Wisconsin-Platteville,Platteville,WI,53818-3099,42.733451,-90.48622,POINT (-90.48622 42.733451)
240480,65,60,5,0.08333333333333333,University of Wisconsin-Stevens Point,Stevens Point,WI,54481-3897,44.529582,-89.570934,POINT (-89.57093399999999 44.529582)
240727,1408,1169,239,0.20444824636441403,University of Wyoming,Laramie,WY,82071,41.311773,-105.57931,POINT (-105.57931 41.311773)
240736,14,13,1,0.07692307692307693,American Samoa Community College,Pago Pago,AS,96799-2609,-14.322636,-170.742774,POINT (-170.742774 -14.322636)
240754,66,53,13,0.24528301886792453,University of Guam,Mangilao,GU,96923,13.433047,144.803978,POINT (144.803978 13.433047)
241377,112,95,17,0.17894736842105263,Caribbean University-Bayamon,Bayamon,PR,00960-0493,18.383136,-66.168315,POINT (-66.16831500000001 18.383136)
242121,46,43,3,0.06976744186046512,Humacao Community College,Humacao,PR,791,18.148274,-65.826857,POINT (-65.826857 18.148274)
242705,533,480,53,0.11041666666666666,Inter American University of Puerto Rico-Bayamon,Bayamon,PR,00957-6257,18.351631,-66.182473,POINT (-66.182473 18.351631)
243179,38,23,15,0.6521739130434783,University of Puerto Rico-Humacao,Humacao,PR,792,18.146589,-65.838602,POINT (-65.83860199999999 18.146589)
243197,2557,1655,902,0.5450151057401813,University of Puerto Rico-Mayaguez,Mayaguez,PR,681,18.211142,-67.139172,POINT (-67.139172 18.211142)
243577,3044,2521,523,0.20745735819119396,Universidad Politecnica de Puerto Rico,Hato Rey,PR,919,18.422195,-66.056084,POINT (-66.056084 18.422195)
243601,758,676,82,0.12130177514792899,Universidad Ana G. Mendez-Gurabo Campus,Gurabo,PR,00778-3030,18.239647,-66.006259,POINT (-66.006259 18.239647)
243744,719,457,262,0.5733041575492341,Stanford University,Stanford,CA,94305,37.429434,-122.167359,POINT (-122.167359 37.429434)
243780,7877,6054,1823,0.30112322431450284,Purdue University-Main Campus,West Lafayette,IN,47907-2040,40.428206,-86.914435,POINT (-86.914435 40.428206)
363907,262,214,48,0.22429906542056074,Caribbean University-Ponce,Ponce,PR,00716-7733,18.006633,-66.59425,POINT (-66.59425 18.006633)
377555,212,180,32,0.17777777777777778,University of Washington-Bothell Campus,Bothell,WA,98011-8246,47.759773,-122.191293,POINT (-122.191293 47.759773)
399869,243,232,11,0.04741379310344827,Southern California Institute of Technology,Anaheim,CA,92801-3758,33.8381,-117.950661,POINT (-117.950661 33.8381)
409315,1174,972,202,0.20781893004115226,South Texas College,McAllen,TX,78502-9701,26.217591,-98.253634,POINT (-98.25363400000001 26.217591)
413617,10,9,1,0.1111111111111111,College of Menominee Nation,Keshena,WI,54135-1179,44.859044,-88.625628,POINT (-88.62562800000001 44.859044)
420574,1208,1102,106,0.09618874773139746,Arizona State University-Polytechnic,Mesa,AZ,85212,33.307142,-111.677225,POINT (-111.677225 33.307142)
426314,4,4,0,0.0,Embry-Riddle Aeronautical University-Worldwide,Daytona Beach,FL,32114-3900,29.189903,-81.048367,POINT (-81.048367 29.189903)
433660,587,469,118,0.2515991471215352,Florida Gulf Coast University,Fort Myers,FL,33965-6565,26.463638,-81.7726,POINT (-81.7726 26.463638)
436827,9,6,3,0.5,University of Connecticut-Avery Point,Groton,CT,06340-6097,41.316419,-72.065336,POINT (-72.065336 41.316419)
436836,4,0,4,inf,University of Connecticut-Stamford,Stamford,CT,06901-2315,41.056081,-73.542206,POINT (-73.54220599999999 41.056081)
440828,66,61,5,0.08196721311475409,Oregon State University-Cascades Campus,Bend,OR,97702,44.042795,-121.333703,POINT (-121.333703 44.042795)
441982,350,182,168,0.9230769230769231,Franklin W Olin College of Engineering,Needham,MA,02492-1200,42.293527,-71.263378,POINT (-71.263378 42.293527)
443410,18,17,1,0.058823529411764705,DigiPen Institute of Technology,Redmond,WA,98052,47.68871,-122.150603,POINT (-122.150603 47.68871)
445188,1198,976,222,0.22745901639344263,University of California-Merced,Merced,CA,95343-5603,37.366237,-120.424944,POINT (-120.424944 37.366237)
448673,4,2,2,1.0,Rasmussen University-Illinois,Rockford,IL,61108-2513,42.267628,-88.998854,POINT (-88.99885399999999 42.267628)
449339,228,213,15,0.07042253521126761,American Public University System,Charles Town,WV,25414,39.287826,-77.860121,POINT (-77.86012100000001 39.287826)
450571,9,5,4,0.8,Rasmussen University-Wisconsin,Green Bay,WI,54303-2349,44.526244,-88.080783,POINT (-88.080783 44.526244)
456490,49,35,14,0.4,Polytechnic University of Puerto Rico-Orlando,Orlando,FL,32825,28.55158,-81.253943,POINT (-81.25394300000001 28.55158)
479956,5,4,1,0.25,Pennsylvania State University-World Campus,University Park,PA,16802-1503,40.832783,-77.841594,POINT (-77.841594 40.832783)
480657,1,0,1,inf,Rasmussen University-Kansas,Topeka,KS,66606,39.056302,-95.751719,POINT (-95.75171899999999 39.056302)
482422,22,22,0,0.0,DeVry University-Arizona,Phoenix,AZ,85021,33.565758,-112.104601,POINT (-112.104601 33.565758)
482431,53,50,3,0.06,DeVry University-California,Ontario,CA,91764,34.068481,-117.5876,POINT (-117.5876 34.068481)
482440,3,3,0,0.0,DeVry University-Colorado,Westminster,CO,80234,39.91934,-105.008901,POINT (-105.008901 39.91934)
482459,29,29,0,0.0,DeVry University-Florida,Miramar,FL,33027,25.987643,-80.339842,POINT (-80.339842 25.987643)
482468,13,13,0,0.0,DeVry University-Georgia,Decatur,GA,30030,33.775112,-84.297316,POINT (-84.297316 33.775112)
482608,13,11,2,0.18181818181818182,DeVry University-Pennsylvania,Ft. Washington,PA,19034,40.135214,-75.183609,POINT (-75.183609 40.135214)
482635,21,21,0,0.0,DeVry University-Texas,Irving,TX,75063,32.934524,-97.012494,POINT (-97.012494 32.934524)
482653,4,4,0,0.0,DeVry University-Virginia,Arlington,VA,22202,38.861096,-77.049759,POINT (-77.04975899999999 38.861096)
482680,7,7,0,0.0,University of North Georgia,Dahlonega,GA,30597,34.530219,-83.985694,POINT (-83.985694 34.530219)
482936,283,241,42,0.17427385892116182,Florida Polytechnic University,Lakeland,FL,33805-8531,28.150149,-81.845995,POINT (-81.845995 28.150149)
483124,969,834,135,0.1618705035971223,Arizona State University Digital Immersion,Scottsdale,AZ,85257,33.463786,-111.923861,POINT (-111.923861 33.463786)
